Workbook
Name Slicer_device_type: #N/A
Name Slicer_device_type1: #N/A

Sheet pivot_table
K2: ARPU - Average Revenue Per User
K3: ARPPU - Average Revenue Per Paying User
K4: Payer Conversion Rate - Частка користувачів, які здійснили успішний платіж
A12: device_type | B12: mobile
A14: country_code | B14: Count of user_id | C14: Sum of is_payer | D14: total_paid | E14: total_refunded | F14: total_net_revenue_usd | G14: PCR | H14: ARPU | I14: ARPPU
A15: UA | B15: 24 | C15: 6 | D15: 58.92 | E15: 0 | F15: 58.92 | G15: =IFERROR(C15/B15,0) -> 0.25 | H15: =IFERROR(F15/B15,0) -> 2.455 | I15: =IFERROR(F15/C15,0) -> 9.82
A16: GB | B16: 33 | C16: 7 | D16: 115.9 | E16: 39.98 | F16: 75.92 | G16: =IFERROR(C16/B16,0) -> 0.21212121 | H16: =IFERROR(F16/B16,0) -> 2.3006061 | I16: =IFERROR(F16/C16,0) -> 10.845714
A17: BR | B17: 23 | C17: 6 | D17: 84.93 | E17: 0 | F17: 84.93 | G17: =IFERROR(C17/B17,0) -> 0.26086957 | H17: =IFERROR(F17/B17,0) -> 3.6926087 | I17: =IFERROR(F17/C17,0) -> 14.155
A18: CA | B18: 29 | C18: 9 | D18: 120.9 | E18: 9.99 | F18: 110.91 | G18: =IFERROR(C18/B18,0) -> 0.31034483 | H18: =IFERROR(F18/B18,0) -> 3.8244828 | I18: =IFERROR(F18/C18,0) -> 12.323333
A19: DE | B19: 27 | C19: 8 | D19: 119.89 | E19: 0 | F19: 119.89 | G19: =IFERROR(C19/B19,0) -> 0.2962963 | H19: =IFERROR(F19/B19,0) -> 4.4403704 | I19: =IFERROR(F19/C19,0) -> 14.98625
A20: US | B20: 38 | C20: 13 | D20: 165.86 | E20: 19.99 | F20: 145.87 | G20: =IFERROR(C20/B20,0) -> 0.34210526 | H20: =IFERROR(F20/B20,0) -> 3.8386842 | I20: =IFERROR(F20/C20,0) -> 11.220769
A21: Grand Total | B21: 174 | C21: 49 | D21: 666.4 | E21: 69.96 | F21: 596.44 | G21: =IFERROR(C21/B21,0) -> 0.2816092 | H21: =IFERROR(F21/B21,0) -> 3.4278161 | I21: =IFERROR(F21/C21,0) -> 12.172245
A34: country_code | B34: Total_net_revenue_usd
A35: BR | B35: 133.88
A36: CA | B36: 99.92
A37: DE | B37: 71.94
A38: GB | B38: 9.99
A39: UA | B39: 121.91
A40: US | B40: 104.89
A41: Grand Total | B41: 542.53
A59: device_type | B59: Total_net_revenue_usd
A60: desktop | B60: 542.53
A61: mobile | B61: 596.44
A62: tablet | B62: 578.54
A63: Grand Total | B63: 1717.51
A73: status | B73: succeeded
A75: month | B75: Total_revenue
A76: 2026-01 | B76: 69.96
A77: 2026-02 | B77: 84.91
A78: 2026-03 | B78: 295.75
A79: 2026-04 | B79: 349.7
A80: 2026-05 | B80: 540.53
A81: 2026-06 | B81: 586.52
A82: Grand Total | B82: 1927.37
A90: Month | B90: Total_refunded
A91: 2026-01 | B91: 39.98
A92: 2026-02 | B92: 9.99
A93: 2026-03 | B93: 39.98
A94: 2026-04 | B94: 34.97
A95: 2026-05 | B95: 49.97
A96: 2026-06 | B96: 34.97
A97: Grand Total | B97: 209.86

Sheet users
A1: user_id | B1: registered_at | C1: country_code | D1: device_type | E1: campaign_id | F1: successful_payments_count | G1: paid_usd | H1: refunded_usd | I1: net_revenue_usd | J1: is_payer
A2: 1 | B2: 46141.401 | C2: BR | D2: desktop | E2: 6 | F2: =COUNTIFS(payments!$B$2:$B$203,A2,payments!$F$2:$F$203,"succeeded") -> 1 | G2: =SUMIFS(payments!$G$2:$G$203,payments!$F$2:$F$203,"succeeded",payments!$B$2:$B$203,A2) -> 9.99 | H2: =SUMIF(refunds!$G$2:$G$15,A2,refunds!$D$2:$D$15) -> 0 | I2: =users[[#This Row],[paid_usd]]-users[[#This Row],[refunded_usd]] -> 9.99 | J2: =IF(users[[#This Row],[successful_payments_count]]>0,1,0) -> 1
A3: 2 | B3: 46144.255 | C3: US | D3: tablet | E3: 7 | F3: =COUNTIFS(payments!$B$2:$B$203,A3,payments!$F$2:$F$203,"succeeded") -> 0 | G3: =SUMIFS(payments!$G$2:$G$203,payments!$F$2:$F$203,"succeeded",payments!$B$2:$B$203,A3) -> 0 | H3: =SUMIF(refunds!$G$2:$G$15,A3,refunds!$D$2:$D$15) -> 0 | I3: =users[[#This Row],[paid_usd]]-users[[#This Row],[refunded_usd]] -> 0 | J3: =IF(users[[#This Row],[successful_payments_count]]>0,1,0) -> 0
A4: 3 | B4: 46075.402 | C4: CA | D4: mobile | E4: 5 | F4: =COUNTIFS(payments!$B$2:$B$203,A4,payments!$F$2:$F$203,"succeeded") -> 0 | G4: =SUMIFS(payments!$G$2:$G$203,payments!$F$2:$F$203,"succeeded",payments!$B$2:$B$203,A4) -> 0 | H4: =SUMIF(refunds!$G$2:$G$15,A4,refunds!$D$2:$D$15) -> 0 | I4: =users[[#This Row],[paid_usd]]-users[[#This Row],[refunded_usd]] -> 0 | J4: =IF(users[[#This Row],[successful_payments_count]]>0,1,0) -> 0
A5: 4 | B5: 46156.777 | C5: DE | D5: mobile | E5: 6 | F5: =COUNTIFS(payments!$B$2:$B$203,A5,payments!$F$2:$F$203,"succeeded") -> 0 | G5: =SUMIFS(payments!$G$2:$G$203,payments!$F$2:$F$203,"succeeded",payments!$B$2:$B$203,A5) -> 0 | H5: =SUMIF(refunds!$G$2:$G$15,A5,refunds!$D$2:$D$15) -> 0 | I5: =users[[#This Row],[paid_usd]]-users[[#This Row],[refunded_usd]] -> 0 | J5: =IF(users[[#This Row],[successful_payments_count]]>0,1,0) -> 0
A6: 5 | B6: 46178.485 | C6: CA | D6: mobile | E6: 3 | F6: =COUNTIFS(payments!$B$2:$B$203,A6,payments!$F$2:$F$203,"succeeded") -> 1 | G6: =SUMIFS(payments!$G$2:$G$203,payments!$F$2:$F$203,"succeeded",payments!$B$2:$B$203,A6) -> 9.99 | H6: =SUMIF(refunds!$G$2:$G$15,A6,refunds!$D$2:$D$15) -> 0 | I6: =users[[#This Row],[paid_usd]]-users[[#This Row],[refunded_usd]] -> 9.99 | J6: =IF(users[[#This Row],[successful_payments_count]]>0,1,0) -> 1
A7: 6 | B7: 46192.189 | C7: GB | D7: tablet | E7: 1 | F7: =COUNTIFS(payments!$B$2:$B$203,A7,payments!$F$2:$F$203,"succeeded") -> 0 | G7: =SUMIFS(payments!$G$2:$G$203,payments!$F$2:$F$203,"succeeded",payments!$B$2:$B$203,A7) -> 0 | H7: =SUMIF(refunds!$G$2:$G$15,A7,refunds!$D$2:$D$15) -> 0 | I7: =users[[#This Row],[paid_usd]]-users[[#This Row],[refunded_usd]] -> 0 | J7: =IF(users[[#This Row],[successful_payments_count]]>0,1,0) -> 0
A8: 7 | B8: 46119.771 | C8: US | D8: tablet | F8: =COUNTIFS(payments!$B$2:$B$203,A8,payments!$F$2:$F$203,"succeeded") -> 0 | G8: =SUMIFS(payments!$G$2:$G$203,payments!$F$2:$F$203,"succeeded",payments!$B$2:$B$203,A8) -> 0 | H8: =SUMIF(refunds!$G$2:$G$15,A8,refunds!$D$2:$D$15) -> 0 | I8: =users[[#This Row],[paid_usd]]-users[[#This Row],[refunded_usd]] -> 0 | J8: =IF(users[[#This Row],[successful_payments_count]]>0,1,0) -> 0
A9: 8 | B9: 46033.854 | C9: CA | D9: desktop | E9: 3 | F9: =COUNTIFS(payments!$B$2:$B$203,A9,payments!$F$2:$F$203,"succeeded") -> 1 | G9: =SUMIFS(payments!$G$2:$G$203,payments!$F$2:$F$203,"succeeded",payments!$B$2:$B$203,A9) -> 4.99 | H9: =SUMIF(refunds!$G$2:$G$15,A9,refunds!$D$2:$D$15) -> 0 | I9: =users[[#This Row],[paid_usd]]-users[[#This Row],[refunded_usd]] -> 4.99 | J9: =IF(users[[#This Row],[successful_payments_count]]>0,1,0) -> 1
A10: 9 | B10: 46142.296 | C10: BR | D10: tablet | E10: 3 | F10: =COUNTIFS(payments!$B$2:$B$203,A10,payments!$F$2:$F$203,"succeeded") -> 0 | G10: =SUMIFS(payments!$G$2:$G$203,payments!$F$2:$F$203,"succeeded",payments!$B$2:$B$203,A10) -> 0 | H10: =SUMIF(refunds!$G$2:$G$15,A10,refunds!$D$2:$D$15) -> 0 | I10: =users[[#This Row],[paid_usd]]-users[[#This Row],[refunded_usd]] -> 0 | J10: =IF(users[[#This Row],[successful_payments_count]]>0,1,0) -> 0
A11: 10 | B11: 46098.247 | C11: BR | D11: desktop | E11: 7 | F11: =COUNTIFS(payments!$B$2:$B$203,A11,payments!$F$2:$F$203,"succeeded") -> 0 | G11: =SUMIFS(payments!$G$2:$G$203,payments!$F$2:$F$203,"succeeded",payments!$B$2:$B$203,A11) -> 0 | H11: =SUMIF(refunds!$G$2:$G$15,A11,refunds!$D$2:$D$15) -> 0 | I11: =users[[#This Row],[paid_usd]]-users[[#This Row],[refunded_usd]] -> 0 | J11: =IF(users[[#This Row],[successful_payments_count]]>0,1,0) -> 0
A12: 11 | B12: 46053.589 | C12: UA | D12: mobile | E12: 2 | F12: =COUNTIFS(payments!$B$2:$B$203,A12,payments!$F$2:$F$203,"succeeded") -> 0 | G12: =SUMIFS(payments!$G$2:$G$203,payments!$F$2:$F$203,"succeeded",payments!$B$2:$B$203,A12) -> 0 | H12: =SUMIF(refunds!$G$2:$G$15,A12,refunds!$D$2:$D$15) -> 0 | I12: =users[[#This Row],[paid_usd]]-users[[#This Row],[refunded_usd]] -> 0 | J12: =IF(users[[#This Row],[successful_payments_count]]>0,1,0) -> 0
A13: 12 | B13: 46101.561 | C13: DE | D13: mobile | F13: =COUNTIFS(payments!$B$2:$B$203,A13,payments!$F$2:$F$203,"succeeded") -> 0 | G13: =SUMIFS(payments!$G$2:$G$203,payments!$F$2:$F$203,"succeeded",payments!$B$2:$B$203,A13) -> 0 | H13: =SUMIF(refunds!$G$2:$G$15,A13,refunds!$D$2:$D$15) -> 0 | I13: =users[[#This Row],[paid_usd]]-users[[#This Row],[refunded_usd]] -> 0 | J13: =IF(users[[#This Row],[successful_payments_count]]>0,1,0) -> 0
A14: 13 | B14: 46092.445 | C14: UA | D14: tablet | E14: 2 | F14: =COUNTIFS(payments!$B$2:$B$203,A14,payments!$F$2:$F$203,"succeeded") -> 1 | G14: =SUMIFS(payments!$G$2:$G$203,payments!$F$2:$F$203,"succeeded",payments!$B$2:$B$203,A14) -> 7.99 | H14: =SUMIF(refunds!$G$2:$G$15,A14,refunds!$D$2:$D$15) -> 0 | I14: =users[[#This Row],[paid_usd]]-users[[#This Row],[refunded_usd]] -> 7.99 | J14: =IF(users[[#This Row],[successful_payments_count]]>0,1,0) -> 1
A15: 14 | B15: 46174.386 | C15: BR | D15: tablet | E15: 2 | F15: =COUNTIFS(payments!$B$2:$B$203,A15,payments!$F$2:$F$203,"succeeded") -> 0 | G15: =SUMIFS(payments!$G$2:$G$203,payments!$F$2:$F$203,"succeeded",payments!$B$2:$B$203,A15) -> 0 | H15: =SUMIF(refunds!$G$2:$G$15,A15,refunds!$D$2:$D$15) -> 0 | I15: =users[[#This Row],[paid_usd]]-users[[#This Row],[refunded_usd]] -> 0 | J15: =IF(users[[#This Row],[successful_payments_count]]>0,1,0) -> 0
A16: 15 | B16: 46120.76 | C16: CA | D16: mobile | F16: =COUNTIFS(payments!$B$2:$B$203,A16,payments!$F$2:$F$203,"succeeded") -> 0 | G16: =SUMIFS(payments!$G$2:$G$203,payments!$F$2:$F$203,"succeeded",payments!$B$2:$B$203,A16) -> 0 | H16: =SUMIF(refunds!$G$2:$G$15,A16,refunds!$D$2:$D$15) -> 0 | I16: =users[[#This Row],[paid_usd]]-users[[#This Row],[refunded_usd]] -> 0 | J16: =IF(users[[#This Row],[successful_payments_count]]>0,1,0) -> 0
A17: 16 | B17: 46125.781 | C17: GB | D17: tablet | E17: 5 | F17: =COUNTIFS(payments!$B$2:$B$203,A17,payments!$F$2:$F$203,"succeeded") -> 0 | G17: =SUMIFS(payments!$G$2:$G$203,payments!$F$2:$F$203,"succeeded",payments!$B$2:$B$203,A17) -> 0 | H17: =SUMIF(refunds!$G$2:$G$15,A17,refunds!$D$2:$D$15) -> 0 | I17: =users[[#This Row],[paid_usd]]-users[[#This Row],[refunded_usd]] -> 0 | J17: =IF(users[[#This Row],[successful_payments_count]]>0,1,0) -> 0
A18: 17 | B18: 46106.469 | C18: BR | D18: desktop | E18: 7 | F18: =COUNTIFS(payments!$B$2:$B$203,A18,payments!$F$2:$F$203,"succeeded") -> 0 | G18: =SUMIFS(payments!$G$2:$G$203,payments!$F$2:$F$203,"succeeded",payments!$B$2:$B$203,A18) -> 0 | H18: =SUMIF(refunds!$G$2:$G$15,A18,refunds!$D$2:$D$15) -> 0 | I18: =users[[#This Row],[paid_usd]]-users[[#This Row],[refunded_usd]] -> 0 | J18: =IF(users[[#This Row],[successful_payments_count]]>0,1,0) -> 0
A19: 18 | B19: 46169.444 | C19: UA | D19: desktop | E19: 3 | F19: =COUNTIFS(payments!$B$2:$B$203,A19,payments!$F$2:$F$203,"succeeded") -> 0 | G19: =SUMIFS(payments!$G$2:$G$203,payments!$F$2:$F$203,"succeeded",payments!$B$2:$B$203,A19) -> 0 | H19: =SUMIF(refunds!$G$2:$G$15,A19,refunds!$D$2:$D$15) -> 0 | I19: =users[[#This Row],[paid_usd]]-users[[#This Row],[refunded_usd]] -> 0 | J19: =IF(users[[#This Row],[successful_payments_count]]>0,1,0) -> 0
A20: 19 | B20: 46025.986 | C20: DE | D20: mobile | E20: 7 | F20: =COUNTIFS(payments!$B$2:$B$203,A20,payments!$F$2:$F$203,"succeeded") -> 0 | G20: =SUMIFS(payments!$G$2:$G$203,payments!$F$2:$F$203,"succeeded",payments!$B$2:$B$203,A20) -> 0 | H20: =SUMIF(refunds!$G$2:$G$15,A20,refunds!$D$2:$D$15) -> 0 | I20: =users[[#This Row],[paid_usd]]-users[[#This Row],[refunded_usd]] -> 0 | J20: =IF(users[[#This Row],[successful_payments_count]]>0,1,0) -> 0
A21: 20 | B21: 46050.021 | C21: US | D21: mobile | E21: 5 | F21: =COUNTIFS(payments!$B$2:$B$203,A21,payments!$F$2:$F$203,"succeeded") -> 0 | G21: =SUMIFS(payments!$G$2:$G$203,payments!$F$2:$F$203,"succeeded",payments!$B$2:$B$203,A21) -> 0 | H21: =SUMIF(refunds!$G$2:$G$15,A21,refunds!$D$2:$D$15) -> 0 | I21: =users[[#This Row],[paid_usd]]-users[[#This Row],[refunded_usd]] -> 0 | J21: =IF(users[[#This Row],[successful_payments_count]]>0,1,0) -> 0
A22: 21 | B22: 46180 | C22: GB | D22: desktop | E22: 6 | F22: =COUNTIFS(payments!$B$2:$B$203,A22,payments!$F$2:$F$203,"succeeded") -> 0 | G22: =SUMIFS(payments!$G$2:$G$203,payments!$F$2:$F$203,"succeeded",payments!$B$2:$B$203,A22) -> 0 | H22: =SUMIF(refunds!$G$2:$G$15,A22,refunds!$D$2:$D$15) -> 0 | I22: =users[[#This Row],[paid_usd]]-users[[#This Row],[refunded_usd]] -> 0 | J22: =IF(users[[#This Row],[successful_payments_count]]>0,1,0) -> 0
A23: 22 | B23: 46059.253 | C23: UA | D23: tablet | E23: 4 | F23: =COUNTIFS(payments!$B$2:$B$203,A23,payments!$F$2:$F$203,"succeeded") -> 0 | G23: =SUMIFS(payments!$G$2:$G$203,payments!$F$2:$F$203,"succeeded",payments!$B$2:$B$203,A23) -> 0 | H23: =SUMIF(refunds!$G$2:$G$15,A23,refunds!$D$2:$D$15) -> 0 | I23: =users[[#This Row],[paid_usd]]-users[[#This Row],[refunded_usd]] -> 0 | J23: =IF(users[[#This Row],[successful_payments_count]]>0,1,0) -> 0
A24: 23 | B24: 46116.1 | C24: US | D24: mobile | E24: 1 | F24: =COUNTIFS(payments!$B$2:$B$203,A24,payments!$F$2:$F$203,"succeeded") -> 0 | G24: =SUMIFS(payments!$G$2:$G$203,payments!$F$2:$F$203,"succeeded",payments!$B$2:$B$203,A24) -> 0 | H24: =SUMIF(refunds!$G$2:$G$15,A24,refunds!$D$2:$D$15) -> 0 | I24: =users[[#This Row],[paid_usd]]-users[[#This Row],[refunded_usd]] -> 0 | J24: =IF(users[[#This Row],[successful_payments_count]]>0,1,0) -> 0
A25: 24 | B25: 46045.702 | C25: DE | D25: mobile | E25: 6 | F25: =COUNTIFS(payments!$B$2:$B$203,A25,payments!$F$2:$F$203,"succeeded") -> 0 | G25: =SUMIFS(payments!$G$2:$G$203,payments!$F$2:$F$203,"succeeded",payments!$B$2:$B$203,A25) -> 0 | H25: =SUMIF(refunds!$G$2:$G$15,A25,refunds!$D$2:$D$15) -> 0 | I25: =users[[#This Row],[paid_usd]]-users[[#This Row],[refunded_usd]] -> 0 | J25: =IF(users[[#This Row],[successful_payments_count]]>0,1,0) -> 0
A26: 25 | B26: 46035.442 | C26: GB | D26: tablet | E26: 2 | F26: =COUNTIFS(payments!$B$2:$B$203,A26,payments!$F$2:$F$203,"succeeded") -> 0 | G26: =SUMIFS(payments!$G$2:$G$203,payments!$F$2:$F$203,"succeeded",payments!$B$2:$B$203,A26) -> 0 | H26: =SUMIF(refunds!$G$2:$G$15,A26,refunds!$D$2:$D$15) -> 0 | I26: =users[[#This Row],[paid_usd]]-users[[#This Row],[refunded_usd]] -> 0 | J26: =IF(users[[#This Row],[successful_payments_count]]>0,1,0) -> 0
A27: 26 | B27: 46132.104 | C27: CA | D27: tablet | E27: 5 | F27: =COUNTIFS(payments!$B$2:$B$203,A27,payments!$F$2:$F$203,"succeeded") -> 0 | G27: =SUMIFS(payments!$G$2:$G$203,payments!$F$2:$F$203,"succeeded",payments!$B$2:$B$203,A27) -> 0 | H27: =SUMIF(refunds!$G$2:$G$15,A27,refunds!$D$2:$D$15) -> 0 | I27: =users[[#This Row],[paid_usd]]-users[[#This Row],[refunded_usd]] -> 0 | J27: =IF(users[[#This Row],[successful_payments_count]]>0,1,0) -> 0
A28: 27 | B28: 46090.001 | C28: DE | D28: desktop | E28: 7 | F28: =COUNTIFS(payments!$B$2:$B$203,A28,payments!$F$2:$F$203,"succeeded") -> 0 | G28: =SUMIFS(payments!$G$2:$G$203,payments!$F$2:$F$203,"succeeded",payments!$B$2:$B$203,A28) -> 0 | H28: =SUMIF(refunds!$G$2:$G$15,A28,refunds!$D$2:$D$15) -> 0 | I28: =users[[#This Row],[paid_usd]]-users[[#This Row],[refunded_usd]] -> 0 | J28: =IF(users[[#This Row],[successful_payments_count]]>0,1,0) -> 0
... A31: 30 | B31: 46093.777 | C31: GB | D31: tablet | E31: 3 | F31: =COUNTIFS(payments!$B$2:$B$203,A31,payments!$F$2:$F$203,"succeeded") -> 0 | G31: =SUMIFS(payments!$G$2:$G$203,payments!$F$2:$F$203,"succeeded",payments!$B$2:$B$203,A31) -> 0 | H31: =SUMIF(refunds!$G$2:$G$15,A31,refunds!$D$2:$D$15) -> 0 | I31: =users[[#This Row],[paid_usd]]-users[[#This Row],[refunded_usd]] -> 0 | J31: =IF(users[[#This Row],[successful_payments_count]]>0,1,0) -> 0
A32: 31 | B32: 46042.739 | C32: DE | D32: desktop | F32: =COUNTIFS(payments!$B$2:$B$203,A32,payments!$F$2:$F$203,"succeeded") -> 0 | G32: =SUMIFS(payments!$G$2:$G$203,payments!$F$2:$F$203,"succeeded",payments!$B$2:$B$203,A32) -> 0 | H32: =SUMIF(refunds!$G$2:$G$15,A32,refunds!$D$2:$D$15) -> 0 | I32: =users[[#This Row],[paid_usd]]-users[[#This Row],[refunded_usd]] -> 0 | J32: =IF(users[[#This Row],[successful_payments_count]]>0,1,0) -> 0
A33: 32 | B33: 46124.451 | C33: BR | D33: desktop | E33: 3 | F33: =COUNTIFS(payments!$B$2:$B$203,A33,payments!$F$2:$F$203,"succeeded") -> 0 | G33: =SUMIFS(payments!$G$2:$G$203,payments!$F$2:$F$203,"succeeded",payments!$B$2:$B$203,A33) -> 0 | H33: =SUMIF(refunds!$G$2:$G$15,A33,refunds!$D$2:$D$15) -> 0 | I33: =users[[#This Row],[paid_usd]]-users[[#This Row],[refunded_usd]] -> 0 | J33: =IF(users[[#This Row],[successful_payments_count]]>0,1,0) -> 0
A34: 33 | B34: 46176.961 | C34: DE | D34: tablet | F34: =COUNTIFS(payments!$B$2:$B$203,A34,payments!$F$2:$F$203,"succeeded") -> 0 | G34: =SUMIFS(payments!$G$2:$G$203,payments!$F$2:$F$203,"succeeded",payments!$B$2:$B$203,A34) -> 0 | H34: =SUMIF(refunds!$G$2:$G$15,A34,refunds!$D$2:$D$15) -> 0 | I34: =users[[#This Row],[paid_usd]]-users[[#This Row],[refunded_usd]] -> 0 | J34: =IF(users[[#This Row],[successful_payments_count]]>0,1,0) -> 0
A35: 34 | B35: 46143.075 | C35: CA | D35: mobile | E35: 6 | F35: =COUNTIFS(payments!$B$2:$B$203,A35,payments!$F$2:$F$203,"succeeded") -> 0 | G35: =SUMIFS(payments!$G$2:$G$203,payments!$F$2:$F$203,"succeeded",payments!$B$2:$B$203,A35) -> 0 | H35: =SUMIF(refunds!$G$2:$G$15,A35,refunds!$D$2:$D$15) -> 0 | I35: =users[[#This Row],[paid_usd]]-users[[#This Row],[refunded_usd]] -> 0 | J35: =IF(users[[#This Row],[successful_payments_count]]>0,1,0) -> 0
A36: 35 | B36: 46055.673 | C36: DE | D36: desktop | E36: 6 | F36: =COUNTIFS(payments!$B$2:$B$203,A36,payments!$F$2:$F$203,"succeeded") -> 0 | G36: =SUMIFS(payments!$G$2:$G$203,payments!$F$2:$F$203,"succeeded",payments!$B$2:$B$203,A36) -> 0 | H36: =SUMIF(refunds!$G$2:$G$15,A36,refunds!$D$2:$D$15) -> 0 | I36: =users[[#This Row],[paid_usd]]-users[[#This Row],[refunded_usd]] -> 0 | J36: =IF(users[[#This Row],[successful_payments_count]]>0,1,0) -> 0
A37: 36 | B37: 46146.992 | C37: US | D37: mobile | E37: 1 | F37: =COUNTIFS(payments!$B$2:$B$203,A37,payments!$F$2:$F$203,"succeeded") -> 1 | G37: =SUMIFS(payments!$G$2:$G$203,payments!$F$2:$F$203,"succeeded",payments!$B$2:$B$203,A37) -> 7.99 | H37: =SUMIF(refunds!$G$2:$G$15,A37,refunds!$D$2:$D$15) -> 0 | I37: =users[[#This Row],[paid_usd]]-users[[#This Row],[refunded_usd]] -> 7.99 | J37: =IF(users[[#This Row],[successful_payments_count]]>0,1,0) -> 1
A38: 37 | B38: 46180.447 | C38: BR | D38: tablet | E38: 6 | F38: =COUNTIFS(payments!$B$2:$B$203,A38,payments!$F$2:$F$203,"succeeded") -> 0 | G38: =SUMIFS(payments!$G$2:$G$203,payments!$F$2:$F$203,"succeeded",payments!$B$2:$B$203,A38) -> 0 | H38: =SUMIF(refunds!$G$2:$G$15,A38,refunds!$D$2:$D$15) -> 0 | I38: =users[[#This Row],[paid_usd]]-users[[#This Row],[refunded_usd]] -> 0 | J38: =IF(users[[#This Row],[successful_payments_count]]>0,1,0) -> 0
A39: 38 | B39: 46140.211 | C39: DE | D39: tablet | E39: 3 | F39: =COUNTIFS(payments!$B$2:$B$203,A39,payments!$F$2:$F$203,"succeeded") -> 0 | G39: =SUMIFS(payments!$G$2:$G$203,payments!$F$2:$F$203,"succeeded",payments!$B$2:$B$203,A39) -> 0 | H39: =SUMIF(refunds!$G$2:$G$15,A39,refunds!$D$2:$D$15) -> 0 | I39: =users[[#This Row],[paid_usd]]-users[[#This Row],[refunded_usd]] -> 0 | J39: =IF(users[[#This Row],[successful_payments_count]]>0,1,0) -> 0
A40: 39 | B40: 46067.437 | C40: US | D40: mobile | E40: 6 | F40: =COUNTIFS(payments!$B$2:$B$203,A40,payments!$F$2:$F$203,"succeeded") -> 0 | G40: =SUMIFS(payments!$G$2:$G$203,payments!$F$2:$F$203,"succeeded",payments!$B$2:$B$203,A40) -> 0 | H40: =SUMIF(refunds!$G$2:$G$15,A40,refunds!$D$2:$D$15) -> 0 | I40: =users[[#This Row],[paid_usd]]-users[[#This Row],[refunded_usd]] -> 0 | J40: =IF(users[[#This Row],[successful_payments_count]]>0,1,0) -> 0
A41: 40 | B41: 46164.784 | C41: BR | D41: tablet | E41: 1 | F41: =COUNTIFS(payments!$B$2:$B$203,A41,payments!$F$2:$F$203,"succeeded") -> 1 | G41: =SUMIFS(payments!$G$2:$G$203,payments!$F$2:$F$203,"succeeded",payments!$B$2:$B$203,A41) -> 19.99 | H41: =SUMIF(refunds!$G$2:$G$15,A41,refunds!$D$2:$D$15) -> 0 | I41: =users[[#This Row],[paid_usd]]-users[[#This Row],[refunded_usd]] -> 19.99 | J41: =IF(users[[#This Row],[successful_payments_count]]>0,1,0) -> 1
A42: 41 | B42: 46183.173 | C42: GB | D42: tablet | E42: 1 | F42: =COUNTIFS(payments!$B$2:$B$203,A42,payments!$F$2:$F$203,"succeeded") -> 1 | G42: =SUMIFS(payments!$G$2:$G$203,payments!$F$2:$F$203,"succeeded",payments!$B$2:$B$203,A42) -> 19.99 | H42: =SUMIF(refunds!$G$2:$G$15,A42,refunds!$D$2:$D$15) -> 0 | I42: =users[[#This Row],[paid_usd]]-users[[#This Row],[refunded_usd]] -> 19.99 | J42: =IF(users[[#This Row],[successful_payments_count]]>0,1,0) -> 1
A43: 42 | B43: 46101.418 | C43: GB | D43: tablet | E43: 1 | F43: =COUNTIFS(payments!$B$2:$B$203,A43,payments!$F$2:$F$203,"succeeded") -> 1 | G43: =SUMIFS(payments!$G$2:$G$203,payments!$F$2:$F$203,"succeeded",payments!$B$2:$B$203,A43) -> 19.99 | H43: =SUMIF(refunds!$G$2:$G$15,A43,refunds!$D$2:$D$15) -> 0 | I43: =users[[#This Row],[paid_usd]]-users[[#This Row],[refunded_usd]] -> 19.99 | J43: =IF(users[[#This Row],[successful_payments_count]]>0,1,0) -> 1
A44: 43 | B44: 46123.981 | C44: US | D44: mobile | E44: 5 | F44: =COUNTIFS(payments!$B$2:$B$203,A44,payments!$F$2:$F$203,"succeeded") -> 0 | G44: =SUMIFS(payments!$G$2:$G$203,payments!$F$2:$F$203,"succeeded",payments!$B$2:$B$203,A44) -> 0 | H44: =SUMIF(refunds!$G$2:$G$15,A44,refunds!$D$2:$D$15) -> 0 | I44: =users[[#This Row],[paid_usd]]-users[[#This Row],[refunded_usd]] -> 0 | J44: =IF(users[[#This Row],[successful_payments_count]]>0,1,0) -> 0
A45: 44 | B45: 46133.121 | C45: BR | D45: tablet | E45: 5 | F45: =COUNTIFS(payments!$B$2:$B$203,A45,payments!$F$2:$F$203,"succeeded") -> 0 | G45: =SUMIFS(payments!$G$2:$G$203,payments!$F$2:$F$203,"succeeded",payments!$B$2:$B$203,A45) -> 0 | H45: =SUMIF(refunds!$G$2:$G$15,A45,refunds!$D$2:$D$15) -> 0 | I45: =users[[#This Row],[paid_usd]]-users[[#This Row],[refunded_usd]] -> 0 | J45: =IF(users[[#This Row],[successful_payments_count]]>0,1,0) -> 0
A46: 45 | B46: 46034.774 | C46: GB | D46: mobile | E46: 1 | F46: =COUNTIFS(payments!$B$2:$B$203,A46,payments!$F$2:$F$203,"succeeded") -> 0 | G46: =SUMIFS(payments!$G$2:$G$203,payments!$F$2:$F$203,"succeeded",payments!$B$2:$B$203,A46) -> 0 | H46: =SUMIF(refunds!$G$2:$G$15,A46,refunds!$D$2:$D$15) -> 0 | I46: =users[[#This Row],[paid_usd]]-users[[#This Row],[refunded_usd]] -> 0 | J46: =IF(users[[#This Row],[successful_payments_count]]>0,1,0) -> 0
... A55: 54 | B55: 46139.282 | C55: GB | D55: mobile | E55: 1 | F55: =COUNTIFS(payments!$B$2:$B$203,A55,payments!$F$2:$F$203,"succeeded") -> 0 | G55: =SUMIFS(payments!$G$2:$G$203,payments!$F$2:$F$203,"succeeded",payments!$B$2:$B$203,A55) -> 0 | H55: =SUMIF(refunds!$G$2:$G$15,A55,refunds!$D$2:$D$15) -> 0 | I55: =users[[#This Row],[paid_usd]]-users[[#This Row],[refunded_usd]] -> 0 | J55: =IF(users[[#This Row],[successful_payments_count]]>0,1,0) -> 0
A56: 55 | B56: 46087.748 | C56: GB | D56: mobile | F56: =COUNTIFS(payments!$B$2:$B$203,A56,payments!$F$2:$F$203,"succeeded") -> 0 | G56: =SUMIFS(payments!$G$2:$G$203,payments!$F$2:$F$203,"succeeded",payments!$B$2:$B$203,A56) -> 0 | H56: =SUMIF(refunds!$G$2:$G$15,A56,refunds!$D$2:$D$15) -> 0 | I56: =users[[#This Row],[paid_usd]]-users[[#This Row],[refunded_usd]] -> 0 | J56: =IF(users[[#This Row],[successful_payments_count]]>0,1,0) -> 0
A57: 56 | B57: 46053.908 | C57: US | D57: desktop | E57: 6 | F57: =COUNTIFS(payments!$B$2:$B$203,A57,payments!$F$2:$F$203,"succeeded") -> 1 | G57: =SUMIFS(payments!$G$2:$G$203,payments!$F$2:$F$203,"succeeded",payments!$B$2:$B$203,A57) -> 4.99 | H57: =SUMIF(refunds!$G$2:$G$15,A57,refunds!$D$2:$D$15) -> 0 | I57: =users[[#This Row],[paid_usd]]-users[[#This Row],[refunded_usd]] -> 4.99 | J57: =IF(users[[#This Row],[successful_payments_count]]>0,1,0) -> 1
A58: 57 | B58: 46118.306 | C58: GB | D58: tablet | F58: =COUNTIFS(payments!$B$2:$B$203,A58,payments!$F$2:$F$203,"succeeded") -> 1 | G58: =SUMIFS(payments!$G$2:$G$203,payments!$F$2:$F$203,"succeeded",payments!$B$2:$B$203,A58) -> 9.99 | H58: =SUMIF(refunds!$G$2:$G$15,A58,refunds!$D$2:$D$15) -> 0 | I58: =users[[#This Row],[paid_usd]]-users[[#This Row],[refunded_usd]] -> 9.99 | J58: =IF(users[[#This Row],[successful_payments_count]]>0,1,0) -> 1
A59: 58 | B59: 46046.772 | C59: CA | D59: desktop | E59: 1 | F59: =COUNTIFS(payments!$B$2:$B$203,A59,payments!$F$2:$F$203,"succeeded") -> 1 | G59: =SUMIFS(payments!$G$2:$G$203,payments!$F$2:$F$203,"succeeded",payments!$B$2:$B$203,A59) -> 19.99 | H59: =SUMIF(refunds!$G$2:$G$15,A59,refunds!$D$2:$D$15) -> 0 | I59: =users[[#This Row],[paid_usd]]-users[[#This Row],[refunded_usd]] -> 19.99 | J59: =IF(users[[#This Row],[successful_payments_count]]>0,1,0) -> 1
A60: 59 | B60: 46168.005 | C60: US | D60: mobile | F60: =COUNTIFS(payments!$B$2:$B$203,A60,payments!$F$2:$F$203,"succeeded") -> 0 | G60: =SUMIFS(payments!$G$2:$G$203,payments!$F$2:$F$203,"succeeded",payments!$B$2:$B$203,A60) -> 0 | H60: =SUMIF(refunds!$G$2:$G$15,A60,refunds!$D$2:$D$15) -> 0 | I60: =users[[#This Row],[paid_usd]]-users[[#This Row],[refunded_usd]] -> 0 | J60: =IF(users[[#This Row],[successful_payments_count]]>0,1,0) -> 0
A61: 60 | B61: 46136.85 | C61: US | D61: desktop | E61: 6 | F61: =COUNTIFS(payments!$B$2:$B$203,A61,payments!$F$2:$F$203,"succeeded") -> 0 | G61: =SUMIFS(payments!$G$2:$G$203,payments!$F$2:$F$203,"succeeded",payments!$B$2:$B$203,A61) -> 0 | H61: =SUMIF(refunds!$G$2:$G$15,A61,refunds!$D$2:$D$15) -> 0 | I61: =users[[#This Row],[paid_usd]]-users[[#This Row],[refunded_usd]] -> 0 | J61: =IF(users[[#This Row],[successful_payments_count]]>0,1,0) -> 0
A62: 61 | B62: 46183.539 | C62: UA | D62: tablet | E62: 1 | F62: =COUNTIFS(payments!$B$2:$B$203,A62,payments!$F$2:$F$203,"succeeded") -> 0 | G62: =SUMIFS(payments!$G$2:$G$203,payments!$F$2:$F$203,"succeeded",payments!$B$2:$B$203,A62) -> 0 | H62: =SUMIF(refunds!$G$2:$G$15,A62,refunds!$D$2:$D$15) -> 0 | I62: =users[[#This Row],[paid_usd]]-users[[#This Row],[refunded_usd]] -> 0 | J62: =IF(users[[#This Row],[successful_payments_count]]>0,1,0) -> 0
A63: 62 | B63: 46131.716 | C63: CA | D63: desktop | E63: 6 | F63: =COUNTIFS(payments!$B$2:$B$203,A63,payments!$F$2:$F$203,"succeeded") -> 0 | G63: =SUMIFS(payments!$G$2:$G$203,payments!$F$2:$F$203,"succeeded",payments!$B$2:$B$203,A63) -> 0 | H63: =SUMIF(refunds!$G$2:$G$15,A63,refunds!$D$2:$D$15) -> 0 | I63: =users[[#This Row],[paid_usd]]-users[[#This Row],[refunded_usd]] -> 0 | J63: =IF(users[[#This Row],[successful_payments_count]]>0,1,0) -> 0
A64: 63 | B64: 46078.589 | C64: BR | D64: tablet | E64: 4 | F64: =COUNTIFS(payments!$B$2:$B$203,A64,payments!$F$2:$F$203,"succeeded") -> 0 | G64: =SUMIFS(payments!$G$2:$G$203,payments!$F$2:$F$203,"succeeded",payments!$B$2:$B$203,A64) -> 0 | H64: =SUMIF(refunds!$G$2:$G$15,A64,refunds!$D$2:$D$15) -> 0 | I64: =users[[#This Row],[paid_usd]]-users[[#This Row],[refunded_usd]] -> 0 | J64: =IF(users[[#This Row],[successful_payments_count]]>0,1,0) -> 0
A65: 64 | B65: 46158.407 | C65: DE | D65: mobile | E65: 1 | F65: =COUNTIFS(payments!$B$2:$B$203,A65,payments!$F$2:$F$203,"succeeded") -> 0 | G65: =SUMIFS(payments!$G$2:$G$203,payments!$F$2:$F$203,"succeeded",payments!$B$2:$B$203,A65) -> 0 | H65: =SUMIF(refunds!$G$2:$G$15,A65,refunds!$D$2:$D$15) -> 0 | I65: =users[[#This Row],[paid_usd]]-users[[#This Row],[refunded_usd]] -> 0 | J65: =IF(users[[#This Row],[successful_payments_count]]>0,1,0) -> 0
A66: 65 | B66: 46141.512 | C66: CA | D66: mobile | E66: 6 | F66: =COUNTIFS(payments!$B$2:$B$203,A66,payments!$F$2:$F$203,"succeeded") -> 1 | G66: =SUMIFS(payments!$G$2:$G$203,payments!$F$2:$F$203,"succeeded",payments!$B$2:$B$203,A66) -> 4.99 | H66: =SUMIF(refunds!$G$2:$G$15,A66,refunds!$D$2:$D$15) -> 0 | I66: =users[[#This Row],[paid_usd]]-users[[#This Row],[refunded_usd]] -> 4.99 | J66: =IF(users[[#This Row],[successful_payments_count]]>0,1,0) -> 1
A67: 66 | B67: 46118.496 | C67: DE | D67: desktop | E67: 6 | F67: =COUNTIFS(payments!$B$2:$B$203,A67,payments!$F$2:$F$203,"succeeded") -> 1 | G67: =SUMIFS(payments!$G$2:$G$203,payments!$F$2:$F$203,"succeeded",payments!$B$2:$B$203,A67) -> 9.99 | H67: =SUMIF(refunds!$G$2:$G$15,A67,refunds!$D$2:$D$15) -> 0 | I67: =users[[#This Row],[paid_usd]]-users[[#This Row],[refunded_usd]] -> 9.99 | J67: =IF(users[[#This Row],[successful_payments_count]]>0,1,0) -> 1
A68: 67 | B68: 46074.479 | C68: CA | D68: tablet | E68: 1 | F68: =COUNTIFS(payments!$B$2:$B$203,A68,payments!$F$2:$F$203,"succeeded") -> 1 | G68: =SUMIFS(payments!$G$2:$G$203,payments!$F$2:$F$203,"succeeded",payments!$B$2:$B$203,A68) -> 19.99 | H68: =SUMIF(refunds!$G$2:$G$15,A68,refunds!$D$2:$D$15) -> 0 | I68: =users[[#This Row],[paid_usd]]-users[[#This Row],[refunded_usd]] -> 19.99 | J68: =IF(users[[#This Row],[successful_payments_count]]>0,1,0) -> 1
A69: 68 | B69: 46037.882 | C69: UA | D69: mobile | E69: 1 | F69: =COUNTIFS(payments!$B$2:$B$203,A69,payments!$F$2:$F$203,"succeeded") -> 0 | G69: =SUMIFS(payments!$G$2:$G$203,payments!$F$2:$F$203,"succeeded",payments!$B$2:$B$203,A69) -> 0 | H69: =SUMIF(refunds!$G$2:$G$15,A69,refunds!$D$2:$D$15) -> 0 | I69: =users[[#This Row],[paid_usd]]-users[[#This Row],[refunded_usd]] -> 0 | J69: =IF(users[[#This Row],[successful_payments_count]]>0,1,0) -> 0
A70: 69 | B70: 46085.684 | C70: BR | D70: mobile | E70: 1 | F70: =COUNTIFS(payments!$B$2:$B$203,A70,payments!$F$2:$F$203,"succeeded") -> 1 | G70: =SUMIFS(payments!$G$2:$G$203,payments!$F$2:$F$203,"succeeded",payments!$B$2:$B$203,A70) -> 19.99 | H70: =SUMIF(refunds!$G$2:$G$15,A70,refunds!$D$2:$D$15) -> 0 | I70: =users[[#This Row],[paid_usd]]-users[[#This Row],[refunded_usd]] -> 19.99 | J70: =IF(users[[#This Row],[successful_payments_count]]>0,1,0) -> 1
A71: 70 | B71: 46146.193 | C71: BR | D71: tablet | E71: 2 | F71: =COUNTIFS(payments!$B$2:$B$203,A71,payments!$F$2:$F$203,"succeeded") -> 2 | G71: =SUMIFS(payments!$G$2:$G$203,payments!$F$2:$F$203,"succeeded",payments!$B$2:$B$203,A71) -> 12.98 | H71: =SUMIF(refunds!$G$2:$G$15,A71,refunds!$D$2:$D$15) -> 0 | I71: =users[[#This Row],[paid_usd]]-users[[#This Row],[refunded_usd]] -> 12.98 | J71: =IF(users[[#This Row],[successful_payments_count]]>0,1,0) -> 1
A72: 71 | B72: 46152.131 | C72: UA | D72: desktop | E72: 3 | F72: =COUNTIFS(payments!$B$2:$B$203,A72,payments!$F$2:$F$203,"succeeded") -> 0 | G72: =SUMIFS(payments!$G$2:$G$203,payments!$F$2:$F$203,"succeeded",payments!$B$2:$B$203,A72) -> 0 | H72: =SUMIF(refunds!$G$2:$G$15,A72,refunds!$D$2:$D$15) -> 0 | I72: =users[[#This Row],[paid_usd]]-users[[#This Row],[refunded_usd]] -> 0 | J72: =IF(users[[#This Row],[successful_payments_count]]>0,1,0) -> 0
A73: 72 | B73: 46063.561 | C73: BR | D73: desktop | F73: =COUNTIFS(payments!$B$2:$B$203,A73,payments!$F$2:$F$203,"succeeded") -> 0 | G73: =SUMIFS(payments!$G$2:$G$203,payments!$F$2:$F$203,"succeeded",payments!$B$2:$B$203,A73) -> 0 | H73: =SUMIF(refunds!$G$2:$G$15,A73,refunds!$D$2:$D$15) -> 0 | I73: =users[[#This Row],[paid_usd]]-users[[#This Row],[refunded_usd]] -> 0 | J73: =IF(users[[#This Row],[successful_payments_count]]>0,1,0) -> 0
A74: 73 | B74: 46119.489 | C74: US | D74: tablet | E74: 3 | F74: =COUNTIFS(payments!$B$2:$B$203,A74,payments!$F$2:$F$203,"succeeded") -> 0 | G74: =SUMIFS(payments!$G$2:$G$203,payments!$F$2:$F$203,"succeeded",payments!$B$2:$B$203,A74) -> 0 | H74: =SUMIF(refunds!$G$2:$G$15,A74,refunds!$D$2:$D$15) -> 0 | I74: =users[[#This Row],[paid_usd]]-users[[#This Row],[refunded_usd]] -> 0 | J74: =IF(users[[#This Row],[successful_payments_count]]>0,1,0) -> 0
A75: 74 | B75: 46119.326 | C75: US | D75: desktop | F75: =COUNTIFS(payments!$B$2:$B$203,A75,payments!$F$2:$F$203,"succeeded") -> 0 | G75: =SUMIFS(payments!$G$2:$G$203,payments!$F$2:$F$203,"succeeded",payments!$B$2:$B$203,A75) -> 0 | H75: =SUMIF(refunds!$G$2:$G$15,A75,refunds!$D$2:$D$15) -> 0 | I75: =users[[#This Row],[paid_usd]]-users[[#This Row],[refunded_usd]] -> 0 | J75: =IF(users[[#This Row],[successful_payments_count]]>0,1,0) -> 0
A76: 75 | B76: 46147.29 | C76: GB | D76: mobile | E76: 6 | F76: =COUNTIFS(payments!$B$2:$B$203,A76,payments!$F$2:$F$203,"succeeded") -> 0 | G76: =SUMIFS(payments!$G$2:$G$203,payments!$F$2:$F$203,"succeeded",payments!$B$2:$B$203,A76) -> 0 | H76: =SUMIF(refunds!$G$2:$G$15,A76,refunds!$D$2:$D$15) -> 0 | I76: =users[[#This Row],[paid_usd]]-users[[#This Row],[refunded_usd]] -> 0 | J76: =IF(users[[#This Row],[successful_payments_count]]>0,1,0) -> 0
A77: 76 | B77: 46051.605 | C77: DE | D77: tablet | E77: 2 | F77: =COUNTIFS(payments!$B$2:$B$203,A77,payments!$F$2:$F$203,"succeeded") -> 1 | G77: =SUMIFS(payments!$G$2:$G$203,payments!$F$2:$F$203,"succeeded",payments!$B$2:$B$203,A77) -> 15.99 | H77: =SUMIF(refunds!$G$2:$G$15,A77,refunds!$D$2:$D$15) -> 0 | I77: =users[[#This Row],[paid_usd]]-users[[#This Row],[refunded_usd]] -> 15.99 | J77: =IF(users[[#This Row],[successful_payments_count]]>0,1,0) -> 1
A78: 77 | B78: 46138.567 | C78: US | D78: tablet | E78: 5 | F78: =COUNTIFS(payments!$B$2:$B$203,A78,payments!$F$2:$F$203,"succeeded") -> 0 | G78: =SUMIFS(payments!$G$2:$G$203,payments!$F$2:$F$203,"succeeded",payments!$B$2:$B$203,A78) -> 0 | H78: =SUMIF(refunds!$G$2:$G$15,A78,refunds!$D$2:$D$15) -> 0 | I78: =users[[#This Row],[paid_usd]]-users[[#This Row],[refunded_usd]] -> 0 | J78: =IF(users[[#This Row],[successful_payments_count]]>0,1,0) -> 0
A79: 78 | B79: 46187.693 | C79: BR | D79: mobile | E79: 5 | F79: =COUNTIFS(payments!$B$2:$B$203,A79,payments!$F$2:$F$203,"succeeded") -> 0 | G79: =SUMIFS(payments!$G$2:$G$203,payments!$F$2:$F$203,"succeeded",payments!$B$2:$B$203,A79) -> 0 | H79: =SUMIF(refunds!$G$2:$G$15,A79,refunds!$D$2:$D$15) -> 0 | I79: =users[[#This Row],[paid_usd]]-users[[#This Row],[refunded_usd]] -> 0 | J79: =IF(users[[#This Row],[successful_payments_count]]>0,1,0) -> 0
A80: 79 | B80: 46090.847 | C80: US | D80: desktop | E80: 4 | F80: =COUNTIFS(payments!$B$2:$B$203,A80,payments!$F$2:$F$203,"succeeded") -> 0 | G80: =SUMIFS(payments!$G$2:$G$203,payments!$F$2:$F$203,"succeeded",payments!$B$2:$B$203,A80) -> 0 | H80: =SUMIF(refunds!$G$2:$G$15,A80,refunds!$D$2:$D$15) -> 0 | I80: =users[[#This Row],[paid_usd]]-users[[#This Row],[refunded_usd]] -> 0 | J80: =IF(users[[#This Row],[successful_payments_count]]>0,1,0) -> 0
A81: 80 | B81: 46101.117 | C81: US | D81: mobile | E81: 4 | F81: =COUNTIFS(payments!$B$2:$B$203,A81,payments!$F$2:$F$203,"succeeded") -> 0 | G81: =SUMIFS(payments!$G$2:$G$203,payments!$F$2:$F$203,"succeeded",payments!$B$2:$B$203,A81) -> 0 | H81: =SUMIF(refunds!$G$2:$G$15,A81,refunds!$D$2:$D$15) -> 0 | I81: =users[[#This Row],[paid_usd]]-users[[#This Row],[refunded_usd]] -> 0 | J81: =IF(users[[#This Row],[successful_payments_count]]>0,1,0) -> 0
A82: 81 | B82: 46057.105 | C82: UA | D82: desktop | E82: 3 | F82: =COUNTIFS(payments!$B$2:$B$203,A82,payments!$F$2:$F$203,"succeeded") -> 0 | G82: =SUMIFS(payments!$G$2:$G$203,payments!$F$2:$F$203,"succeeded",payments!$B$2:$B$203,A82) -> 0 | H82: =SUMIF(refunds!$G$2:$G$15,A82,refunds!$D$2:$D$15) -> 0 | I82: =users[[#This Row],[paid_usd]]-users[[#This Row],[refunded_usd]] -> 0 | J82: =IF(users[[#This Row],[successful_payments_count]]>0,1,0) -> 0
A83: 82 | B83: 46110.231 | C83: CA | D83: mobile | F83: =COUNTIFS(payments!$B$2:$B$203,A83,payments!$F$2:$F$203,"succeeded") -> 0 | G83: =SUMIFS(payments!$G$2:$G$203,payments!$F$2:$F$203,"succeeded",payments!$B$2:$B$203,A83) -> 0 | H83: =SUMIF(refunds!$G$2:$G$15,A83,refunds!$D$2:$D$15) -> 0 | I83: =users[[#This Row],[paid_usd]]-users[[#This Row],[refunded_usd]] -> 0 | J83: =IF(users[[#This Row],[successful_payments_count]]>0,1,0) -> 0
A84: 83 | B84: 46094.592 | C84: CA | D84: desktop | F84: =COUNTIFS(payments!$B$2:$B$203,A84,payments!$F$2:$F$203,"succeeded") -> 0 | G84: =SUMIFS(payments!$G$2:$G$203,payments!$F$2:$F$203,"succeeded",payments!$B$2:$B$203,A84) -> 0 | H84: =SUMIF(refunds!$G$2:$G$15,A84,refunds!$D$2:$D$15) -> 0 | I84: =users[[#This Row],[paid_usd]]-users[[#This Row],[refunded_usd]] -> 0 | J84: =IF(users[[#This Row],[successful_payments_count]]>0,1,0) -> 0
A85: 84 | B85: 46103.858 | C85: BR | D85: tablet | E85: 3 | F85: =COUNTIFS(payments!$B$2:$B$203,A85,payments!$F$2:$F$203,"succeeded") -> 0 | G85: =SUMIFS(payments!$G$2:$G$203,payments!$F$2:$F$203,"succeeded",payments!$B$2:$B$203,A85) -> 0 | H85: =SUMIF(refunds!$G$2:$G$15,A85,refunds!$D$2:$D$15) -> 0 | I85: =users[[#This Row],[paid_usd]]-users[[#This Row],[refunded_usd]] -> 0 | J85: =IF(users[[#This Row],[successful_payments_count]]>0,1,0) -> 0
A86: 85 | B86: 46075.735 | C86: CA | D86: tablet | E86: 1 | F86: =COUNTIFS(payments!$B$2:$B$203,A86,payments!$F$2:$F$203,"succeeded") -> 0 | G86: =SUMIFS(payments!$G$2:$G$203,payments!$F$2:$F$203,"succeeded",payments!$B$2:$B$203,A86) -> 0 | H86: =SUMIF(refunds!$G$2:$G$15,A86,refunds!$D$2:$D$15) -> 0 | I86: =users[[#This Row],[paid_usd]]-users[[#This Row],[refunded_usd]] -> 0 | J86: =IF(users[[#This Row],[successful_payments_count]]>0,1,0) -> 0
A87: 86 | B87: 46190.422 | C87: BR | D87: mobile | F87: =COUNTIFS(payments!$B$2:$B$203,A87,payments!$F$2:$F$203,"succeeded") -> 0 | G87: =SUMIFS(payments!$G$2:$G$203,payments!$F$2:$F$203,"succeeded",payments!$B$2:$B$203,A87) -> 0 | H87: =SUMIF(refunds!$G$2:$G$15,A87,refunds!$D$2:$D$15) -> 0 | I87: =users[[#This Row],[paid_usd]]-users[[#This Row],[refunded_usd]] -> 0 | J87: =IF(users[[#This Row],[successful_payments_count]]>0,1,0) -> 0
A88: 87 | B88: 46036.4 | C88: UA | D88: mobile | F88: =COUNTIFS(payments!$B$2:$B$203,A88,payments!$F$2:$F$203,"succeeded") -> 0 | G88: =SUMIFS(payments!$G$2:$G$203,payments!$F$2:$F$203,"succeeded",payments!$B$2:$B$203,A88) -> 0 | H88: =SUMIF(refunds!$G$2:$G$15,A88,refunds!$D$2:$D$15) -> 0 | I88: =users[[#This Row],[paid_usd]]-users[[#This Row],[refunded_usd]] -> 0 | J88: =IF(users[[#This Row],[successful_payments_count]]>0,1,0) -> 0
A89: 88 | B89: 46070.126 | C89: CA | D89: tablet | E89: 2 | F89: =COUNTIFS(payments!$B$2:$B$203,A89,payments!$F$2:$F$203,"succeeded") -> 0 | G89: =SUMIFS(payments!$G$2:$G$203,payments!$F$2:$F$203,"succeeded",payments!$B$2:$B$203,A89) -> 0 | H89: =SUMIF(refunds!$G$2:$G$15,A89,refunds!$D$2:$D$15) -> 0 | I89: =users[[#This Row],[paid_usd]]-users[[#This Row],[refunded_usd]] -> 0 | J89: =IF(users[[#This Row],[successful_payments_count]]>0,1,0) -> 0
A90: 89 | B90: 46025.55 | C90: GB | D90: desktop | F90: =COUNTIFS(payments!$B$2:$B$203,A90,payments!$F$2:$F$203,"succeeded") -> 0 | G90: =SUMIFS(payments!$G$2:$G$203,payments!$F$2:$F$203,"succeeded",payments!$B$2:$B$203,A90) -> 0 | H90: =SUMIF(refunds!$G$2:$G$15,A90,refunds!$D$2:$D$15) -> 0 | I90: =users[[#This Row],[paid_usd]]-users[[#This Row],[refunded_usd]] -> 0 | J90: =IF(users[[#This Row],[successful_payments_count]]>0,1,0) -> 0
A91: 90 | B91: 46104.04 | C91: CA | D91: mobile | E91: 2 | F91: =COUNTIFS(payments!$B$2:$B$203,A91,payments!$F$2:$F$203,"succeeded") -> 0 | G91: =SUMIFS(payments!$G$2:$G$203,payments!$F$2:$F$203,"succeeded",payments!$B$2:$B$203,A91) -> 0 | H91: =SUMIF(refunds!$G$2:$G$15,A91,refunds!$D$2:$D$15) -> 0 | I91: =users[[#This Row],[paid_usd]]-users[[#This Row],[refunded_usd]] -> 0 | J91: =IF(users[[#This Row],[successful_payments_count]]>0,1,0) -> 0
A92: 91 | B92: 46057.013 | C92: GB | D92: mobile | E92: 3 | F92: =COUNTIFS(payments!$B$2:$B$203,A92,payments!$F$2:$F$203,"succeeded") -> 1 | G92: =SUMIFS(payments!$G$2:$G$203,payments!$F$2:$F$203,"succeeded",payments!$B$2:$B$203,A92) -> 9.99 | H92: =SUMIF(refunds!$G$2:$G$15,A92,refunds!$D$2:$D$15) -> 0 | I92: =users[[#This Row],[paid_usd]]-users[[#This Row],[refunded_usd]] -> 9.99 | J92: =IF(users[[#This Row],[successful_payments_count]]>0,1,0) -> 1
A93: 92 | B93: 46110.889 | C93: CA | D93: desktop | E93: 2 | F93: =COUNTIFS(payments!$B$2:$B$203,A93,payments!$F$2:$F$203,"succeeded") -> 0 | G93: =SUMIFS(payments!$G$2:$G$203,payments!$F$2:$F$203,"succeeded",payments!$B$2:$B$203,A93) -> 0 | H93: =SUMIF(refunds!$G$2:$G$15,A93,refunds!$D$2:$D$15) -> 0 | I93: =users[[#This Row],[paid_usd]]-users[[#This Row],[refunded_usd]] -> 0 | J93: =IF(users[[#This Row],[successful_payments_count]]>0,1,0) -> 0
A94: 93 | B94: 46165.992 | C94: US | D94: tablet | E94: 2 | F94: =COUNTIFS(payments!$B$2:$B$203,A94,payments!$F$2:$F$203,"succeeded") -> 0 | G94: =SUMIFS(payments!$G$2:$G$203,payments!$F$2:$F$203,"succeeded",payments!$B$2:$B$203,A94) -> 0 | H94: =SUMIF(refunds!$G$2:$G$15,A94,refunds!$D$2:$D$15) -> 0 | I94: =users[[#This Row],[paid_usd]]-users[[#This Row],[refunded_usd]] -> 0 | J94: =IF(users[[#This Row],[successful_payments_count]]>0,1,0) -> 0
A95: 94 | B95: 46141.459 | C95: DE | D95: desktop | E95: 4 | F95: =COUNTIFS(payments!$B$2:$B$203,A95,payments!$F$2:$F$203,"succeeded") -> 0 | G95: =SUMIFS(payments!$G$2:$G$203,payments!$F$2:$F$203,"succeeded",payments!$B$2:$B$203,A95) -> 0 | H95: =SUMIF(refunds!$G$2:$G$15,A95,refunds!$D$2:$D$15) -> 0 | I95: =users[[#This Row],[paid_usd]]-users[[#This Row],[refunded_usd]] -> 0 | J95: =IF(users[[#This Row],[successful_payments_count]]>0,1,0) -> 0
A96: 95 | B96: 46168.467 | C96: US | D96: desktop | E96: 3 | F96: =COUNTIFS(payments!$B$2:$B$203,A96,payments!$F$2:$F$203,"succeeded") -> 0 | G96: =SUMIFS(payments!$G$2:$G$203,payments!$F$2:$F$203,"succeeded",payments!$B$2:$B$203,A96) -> 0 | H96: =SUMIF(refunds!$G$2:$G$15,A96,refunds!$D$2:$D$15) -> 0 | I96: =users[[#This Row],[paid_usd]]-users[[#This Row],[refunded_usd]] -> 0 | J96: =IF(users[[#This Row],[successful_payments_count]]>0,1,0) -> 0
A97: 96 | B97: 46131.188 | C97: DE | D97: tablet | E97: 3 | F97: =COUNTIFS(payments!$B$2:$B$203,A97,payments!$F$2:$F$203,"succeeded") -> 0 | G97: =SUMIFS(payments!$G$2:$G$203,payments!$F$2:$F$203,"succeeded",payments!$B$2:$B$203,A97) -> 0 | H97: =SUMIF(refunds!$G$2:$G$15,A97,refunds!$D$2:$D$15) -> 0 | I97: =users[[#This Row],[paid_usd]]-users[[#This Row],[refunded_usd]] -> 0 | J97: =IF(users[[#This Row],[successful_payments_count]]>0,1,0) -> 0
A98: 97 | B98: 46054.892 | C98: BR | D98: mobile | E98: 1 | F98: =COUNTIFS(payments!$B$2:$B$203,A98,payments!$F$2:$F$203,"succeeded") -> 0 | G98: =SUMIFS(payments!$G$2:$G$203,payments!$F$2:$F$203,"succeeded",payments!$B$2:$B$203,A98) -> 0 | H98: =SUMIF(refunds!$G$2:$G$15,A98,refunds!$D$2:$D$15) -> 0 | I98: =users[[#This Row],[paid_usd]]-users[[#This Row],[refunded_usd]] -> 0 | J98: =IF(users[[#This Row],[successful_payments_count]]>0,1,0) -> 0
A99: 98 | B99: 46184.449 | C99: DE | D99: desktop | E99: 7 | F99: =COUNTIFS(payments!$B$2:$B$203,A99,payments!$F$2:$F$203,"succeeded") -> 0 | G99: =SUMIFS(payments!$G$2:$G$203,payments!$F$2:$F$203,"succeeded",payments!$B$2:$B$203,A99) -> 0 | H99: =SUMIF(refunds!$G$2:$G$15,A99,refunds!$D$2:$D$15) -> 0 | I99: =users[[#This Row],[paid_usd]]-users[[#This Row],[refunded_usd]] -> 0 | J99: =IF(users[[#This Row],[successful_payments_count]]>0,1,0) -> 0
A100: 99 | B100: 46104.462 | C100: DE | D100: tablet | E100: 7 | F100: =COUNTIFS(payments!$B$2:$B$203,A100,payments!$F$2:$F$203,"succeeded") -> 1 | G100: =SUMIFS(payments!$G$2:$G$203,payments!$F$2:$F$203,"succeeded",payments!$B$2:$B$203,A100) -> 9.99 | H100: =SUMIF(refunds!$G$2:$G$15,A100,refunds!$D$2:$D$15) -> 0 | I100: =users[[#This Row],[paid_usd]]-users[[#This Row],[refunded_usd]] -> 9.99 | J100: =IF(users[[#This Row],[successful_payments_count]]>0,1,0) -> 1
A101: 100 | B101: 46107.454 | C101: US | D101: tablet | E101: 7 | F101: =COUNTIFS(payments!$B$2:$B$203,A101,payments!$F$2:$F$203,"succeeded") -> 0 | G101: =SUMIFS(payments!$G$2:$G$203,payments!$F$2:$F$203,"succeeded",payments!$B$2:$B$203,A101) -> 0 | H101: =SUMIF(refunds!$G$2:$G$15,A101,refunds!$D$2:$D$15) -> 0 | I101: =users[[#This Row],[paid_usd]]-users[[#This Row],[refunded_usd]] -> 0 | J101: =IF(users[[#This Row],[successful_payments_count]]>0,1,0) -> 0
A102: 101 | B102: 46145.536 | C102: DE | D102: mobile | F102: =COUNTIFS(payments!$B$2:$B$203,A102,payments!$F$2:$F$203,"succeeded") -> 0 | G102: =SUMIFS(payments!$G$2:$G$203,payments!$F$2:$F$203,"succeeded",payments!$B$2:$B$203,A102) -> 0 | H102: =SUMIF(refunds!$G$2:$G$15,A102,refunds!$D$2:$D$15) -> 0 | I102: =users[[#This Row],[paid_usd]]-users[[#This Row],[refunded_usd]] -> 0 | J102: =IF(users[[#This Row],[successful_payments_count]]>0,1,0) -> 0
A103: 102 | B103: 46027.813 | C103: US | D103: tablet | E103: 1 | F103: =COUNTIFS(payments!$B$2:$B$203,A103,payments!$F$2:$F$203,"succeeded") -> 0 | G103: =SUMIFS(payments!$G$2:$G$203,payments!$F$2:$F$203,"succeeded",payments!$B$2:$B$203,A103) -> 0 | H103: =SUMIF(refunds!$G$2:$G$15,A103,refunds!$D$2:$D$15) -> 0 | I103: =users[[#This Row],[paid_usd]]-users[[#This Row],[refunded_usd]] -> 0 | J103: =IF(users[[#This Row],[successful_payments_count]]>0,1,0) -> 0
A104: 103 | B104: 46092.478 | C104: BR | D104: mobile | F104: =COUNTIFS(payments!$B$2:$B$203,A104,payments!$F$2:$F$203,"succeeded") -> 0 | G104: =SUMIFS(payments!$G$2:$G$203,payments!$F$2:$F$203,"succeeded",payments!$B$2:$B$203,A104) -> 0 | H104: =SUMIF(refunds!$G$2:$G$15,A104,refunds!$D$2:$D$15) -> 0 | I104: =users[[#This Row],[paid_usd]]-users[[#This Row],[refunded_usd]] -> 0 | J104: =IF(users[[#This Row],[successful_payments_count]]>0,1,0) -> 0
A105: 104 | B105: 46138 | C105: BR | D105: desktop | E105: 1 | F105: =COUNTIFS(payments!$B$2:$B$203,A105,payments!$F$2:$F$203,"succeeded") -> 1 | G105: =SUMIFS(payments!$G$2:$G$203,payments!$F$2:$F$203,"succeeded",payments!$B$2:$B$203,A105) -> 19.99 | H105: =SUMIF(refunds!$G$2:$G$15,A105,refunds!$D$2:$D$15) -> 0 | I105: =users[[#This Row],[paid_usd]]-users[[#This Row],[refunded_usd]] -> 19.99 | J105: =IF(users[[#This Row],[successful_payments_count]]>0,1,0) -> 1
A106: 105 | B106: 46175.043 | C106: CA | D106: tablet | E106: 7 | F106: =COUNTIFS(payments!$B$2:$B$203,A106,payments!$F$2:$F$203,"succeeded") -> 0 | G106: =SUMIFS(payments!$G$2:$G$203,payments!$F$2:$F$203,"succeeded",payments!$B$2:$B$203,A106) -> 0 | H106: =SUMIF(refunds!$G$2:$G$15,A106,refunds!$D$2:$D$15) -> 0 | I106: =users[[#This Row],[paid_usd]]-users[[#This Row],[refunded_usd]] -> 0 | J106: =IF(users[[#This Row],[successful_payments_count]]>0,1,0) -> 0
A107: 106 | B107: 46167.483 | C107: GB | D107: mobile | E107: 5 | F107: =COUNTIFS(payments!$B$2:$B$203,A107,payments!$F$2:$F$203,"succeeded") -> 1 | G107: =SUMIFS(payments!$G$2:$G$203,payments!$F$2:$F$203,"succeeded",payments!$B$2:$B$203,A107) -> 9.99 | H107: =SUMIF(refunds!$G$2:$G$15,A107,refunds!$D$2:$D$15) -> 0 | I107: =users[[#This Row],[paid_usd]]-users[[#This Row],[refunded_usd]] -> 9.99 | J107: =IF(users[[#This Row],[successful_payments_count]]>0,1,0) -> 1
A108: 107 | B108: 46066.159 | C108: UA | D108: tablet | E108: 5 | F108: =COUNTIFS(payments!$B$2:$B$203,A108,payments!$F$2:$F$203,"succeeded") -> 1 | G108: =SUMIFS(payments!$G$2:$G$203,payments!$F$2:$F$203,"succeeded",payments!$B$2:$B$203,A108) -> 19.99 | H108: =SUMIF(refunds!$G$2:$G$15,A108,refunds!$D$2:$D$15) -> 0 | I108: =users[[#This Row],[paid_usd]]-users[[#This Row],[refunded_usd]] -> 19.99 | J108: =IF(users[[#This Row],[successful_payments_count]]>0,1,0) -> 1
A109: 108 | B109: 46118.066 | C109: BR | D109: tablet | E109: 4 | F109: =COUNTIFS(payments!$B$2:$B$203,A109,payments!$F$2:$F$203,"succeeded") -> 0 | G109: =SUMIFS(payments!$G$2:$G$203,payments!$F$2:$F$203,"succeeded",payments!$B$2:$B$203,A109) -> 0 | H109: =SUMIF(refunds!$G$2:$G$15,A109,refunds!$D$2:$D$15) -> 0 | I109: =users[[#This Row],[paid_usd]]-users[[#This Row],[refunded_usd]] -> 0 | J109: =IF(users[[#This Row],[successful_payments_count]]>0,1,0) -> 0
A110: 109 | B110: 46122.301 | C110: BR | D110: desktop | F110: =COUNTIFS(payments!$B$2:$B$203,A110,payments!$F$2:$F$203,"succeeded") -> 1 | G110: =SUMIFS(payments!$G$2:$G$203,payments!$F$2:$F$203,"succeeded",payments!$B$2:$B$203,A110) -> 4.99 | H110: =SUMIF(refunds!$G$2:$G$15,A110,refunds!$D$2:$D$15) -> 0 | I110: =users[[#This Row],[paid_usd]]-users[[#This Row],[refunded_usd]] -> 4.99 | J110: =IF(users[[#This Row],[successful_payments_count]]>0,1,0) -> 1
...

Sheet payments
A1: payment_id | B1: user_id | C1: package_id | D1: attempted_at | E1: completed_at | F1: status | G1: amount_usd | H1: coins_granted | I1: country_code | J1: device_type | K1: Package_type (XLOOKUP) | L1: Package_type_(INDEX+MATCH) | M1: paid_usd | N1: is_us_mobile_or_tablet | O1: has_refunded | P1: refunded_sum | Q1: month
A2: 188 | B2: 1 | C2: 1 | D2: 46203.999 | F2: pending | G2: 4.99 | H2: 0 | I2: =_xlfn.XLOOKUP(B2,users!A:A,users!C:C) -> BR | J2: =_xlfn.XLOOKUP(B2,users!A:A,users!D:D) -> desktop | K2: =_xlfn.XLOOKUP(C2,coin_packages!A:A,coin_packages!B:B) -> Small | L2: {=INDEX(coin_packages!$B$2:$B$5,MATCH(C2,coin_packages!$A$2:$A$5,0))} -> Small | M2: =IF(F2="succeeded",G2,0) -> 0 | N2: =AND(F2="succeeded",I2="US",OR(J2="tablet",J2="mobile")) -> FALSE | O2: =COUNTIF(refunds!$B$2:$B$15,A2)>0 -> FALSE | P2: =_xlfn.XLOOKUP(A2,refunds!$B$2:$B$15,refunds!$D$2:$D$15,0,0) -> 0 | Q2: =IF(OR(payments[[#This Row],[completed_at]]="",payments[[#This Row],[completed_at]]=0),"",TEXT(payments[[#This Row],[completed_at]],"yyyy-mm"))
A3: 1 | B3: 1 | C3: 2 | D3: 46176.165 | E3: 46176.165 | F3: succeeded | G3: 9.99 | H3: 250 | I3: =_xlfn.XLOOKUP(B3,users!A:A,users!C:C) -> BR | J3: =_xlfn.XLOOKUP(B3,users!A:A,users!D:D) -> desktop | K3: =_xlfn.XLOOKUP(C3,coin_packages!A:A,coin_packages!B:B) -> Medium | L3: {=INDEX(coin_packages!$B$2:$B$5,MATCH(C3,coin_packages!$A$2:$A$5,0))} -> Medium | M3: =IF(F3="succeeded",G3,0) -> 9.99 | N3: =AND(F3="succeeded",I3="US",OR(J3="tablet",J3="mobile")) -> FALSE | O3: =COUNTIF(refunds!$B$2:$B$15,A3)>0 -> FALSE | P3: =_xlfn.XLOOKUP(A3,refunds!$B$2:$B$15,refunds!$D$2:$D$15,0,0) -> 0 | Q3: =IF(OR(payments[[#This Row],[completed_at]]="",payments[[#This Row],[completed_at]]=0),"",TEXT(payments[[#This Row],[completed_at]],"yyyy-mm")) -> 2026-06
A4: 189 | B4: 2 | C4: 1 | D4: 46203.999 | F4: pending | G4: 4.99 | H4: 0 | I4: =_xlfn.XLOOKUP(B4,users!A:A,users!C:C) -> US | J4: =_xlfn.XLOOKUP(B4,users!A:A,users!D:D) -> tablet | K4: =_xlfn.XLOOKUP(C4,coin_packages!A:A,coin_packages!B:B) -> Small | L4: {=INDEX(coin_packages!$B$2:$B$5,MATCH(C4,coin_packages!$A$2:$A$5,0))} -> Small | M4: =IF(F4="succeeded",G4,0) -> 0 | N4: =AND(F4="succeeded",I4="US",OR(J4="tablet",J4="mobile")) -> FALSE | O4: =COUNTIF(refunds!$B$2:$B$15,A4)>0 -> FALSE | P4: =_xlfn.XLOOKUP(A4,refunds!$B$2:$B$15,refunds!$D$2:$D$15,0,0) -> 0 | Q4: =IF(OR(payments[[#This Row],[completed_at]]="",payments[[#This Row],[completed_at]]=0),"",TEXT(payments[[#This Row],[completed_at]],"yyyy-mm"))
A5: 190 | B5: 3 | C5: 1 | D5: 46203.999 | F5: pending | G5: 4.99 | H5: 0 | I5: =_xlfn.XLOOKUP(B5,users!A:A,users!C:C) -> CA | J5: =_xlfn.XLOOKUP(B5,users!A:A,users!D:D) -> mobile | K5: =_xlfn.XLOOKUP(C5,coin_packages!A:A,coin_packages!B:B) -> Small | L5: {=INDEX(coin_packages!$B$2:$B$5,MATCH(C5,coin_packages!$A$2:$A$5,0))} -> Small | M5: =IF(F5="succeeded",G5,0) -> 0 | N5: =AND(F5="succeeded",I5="US",OR(J5="tablet",J5="mobile")) -> FALSE | O5: =COUNTIF(refunds!$B$2:$B$15,A5)>0 -> FALSE | P5: =_xlfn.XLOOKUP(A5,refunds!$B$2:$B$15,refunds!$D$2:$D$15,0,0) -> 0 | Q5: =IF(OR(payments[[#This Row],[completed_at]]="",payments[[#This Row],[completed_at]]=0),"",TEXT(payments[[#This Row],[completed_at]],"yyyy-mm"))
A6: 191 | B6: 4 | C6: 1 | D6: 46203.999 | F6: pending | G6: 4.99 | H6: 0 | I6: =_xlfn.XLOOKUP(B6,users!A:A,users!C:C) -> DE | J6: =_xlfn.XLOOKUP(B6,users!A:A,users!D:D) -> mobile | K6: =_xlfn.XLOOKUP(C6,coin_packages!A:A,coin_packages!B:B) -> Small | L6: {=INDEX(coin_packages!$B$2:$B$5,MATCH(C6,coin_packages!$A$2:$A$5,0))} -> Small | M6: =IF(F6="succeeded",G6,0) -> 0 | N6: =AND(F6="succeeded",I6="US",OR(J6="tablet",J6="mobile")) -> FALSE | O6: =COUNTIF(refunds!$B$2:$B$15,A6)>0 -> FALSE | P6: =_xlfn.XLOOKUP(A6,refunds!$B$2:$B$15,refunds!$D$2:$D$15,0,0) -> 0 | Q6: =IF(OR(payments[[#This Row],[completed_at]]="",payments[[#This Row],[completed_at]]=0),"",TEXT(payments[[#This Row],[completed_at]],"yyyy-mm"))
A7: 192 | B7: 5 | C7: 1 | D7: 46203.999 | F7: pending | G7: 4.99 | H7: 0 | I7: =_xlfn.XLOOKUP(B7,users!A:A,users!C:C) -> CA | J7: =_xlfn.XLOOKUP(B7,users!A:A,users!D:D) -> mobile | K7: =_xlfn.XLOOKUP(C7,coin_packages!A:A,coin_packages!B:B) -> Small | L7: {=INDEX(coin_packages!$B$2:$B$5,MATCH(C7,coin_packages!$A$2:$A$5,0))} -> Small | M7: =IF(F7="succeeded",G7,0) -> 0 | N7: =AND(F7="succeeded",I7="US",OR(J7="tablet",J7="mobile")) -> FALSE | O7: =COUNTIF(refunds!$B$2:$B$15,A7)>0 -> FALSE | P7: =_xlfn.XLOOKUP(A7,refunds!$B$2:$B$15,refunds!$D$2:$D$15,0,0) -> 0 | Q7: =IF(OR(payments[[#This Row],[completed_at]]="",payments[[#This Row],[completed_at]]=0),"",TEXT(payments[[#This Row],[completed_at]],"yyyy-mm"))
A8: 2 | B8: 5 | C8: 2 | D8: 46192.672 | E8: 46192.672 | F8: succeeded | G8: 9.99 | H8: 250 | I8: =_xlfn.XLOOKUP(B8,users!A:A,users!C:C) -> CA | J8: =_xlfn.XLOOKUP(B8,users!A:A,users!D:D) -> mobile | K8: =_xlfn.XLOOKUP(C8,coin_packages!A:A,coin_packages!B:B) -> Medium | L8: {=INDEX(coin_packages!$B$2:$B$5,MATCH(C8,coin_packages!$A$2:$A$5,0))} -> Medium | M8: =IF(F8="succeeded",G8,0) -> 9.99 | N8: =AND(F8="succeeded",I8="US",OR(J8="tablet",J8="mobile")) -> FALSE | O8: =COUNTIF(refunds!$B$2:$B$15,A8)>0 -> FALSE | P8: =_xlfn.XLOOKUP(A8,refunds!$B$2:$B$15,refunds!$D$2:$D$15,0,0) -> 0 | Q8: =IF(OR(payments[[#This Row],[completed_at]]="",payments[[#This Row],[completed_at]]=0),"",TEXT(payments[[#This Row],[completed_at]],"yyyy-mm")) -> 2026-06
A9: 193 | B9: 6 | C9: 1 | D9: 46203.999 | F9: pending | G9: 4.99 | H9: 0 | I9: =_xlfn.XLOOKUP(B9,users!A:A,users!C:C) -> GB | J9: =_xlfn.XLOOKUP(B9,users!A:A,users!D:D) -> tablet | K9: =_xlfn.XLOOKUP(C9,coin_packages!A:A,coin_packages!B:B) -> Small | L9: {=INDEX(coin_packages!$B$2:$B$5,MATCH(C9,coin_packages!$A$2:$A$5,0))} -> Small | M9: =IF(F9="succeeded",G9,0) -> 0 | N9: =AND(F9="succeeded",I9="US",OR(J9="tablet",J9="mobile")) -> FALSE | O9: =COUNTIF(refunds!$B$2:$B$15,A9)>0 -> FALSE | P9: =_xlfn.XLOOKUP(A9,refunds!$B$2:$B$15,refunds!$D$2:$D$15,0,0) -> 0 | Q9: =IF(OR(payments[[#This Row],[completed_at]]="",payments[[#This Row],[completed_at]]=0),"",TEXT(payments[[#This Row],[completed_at]],"yyyy-mm"))
A10: 194 | B10: 7 | C10: 1 | D10: 46203.999 | F10: pending | G10: 4.99 | H10: 0 | I10: =_xlfn.XLOOKUP(B10,users!A:A,users!C:C) -> US | J10: =_xlfn.XLOOKUP(B10,users!A:A,users!D:D) -> tablet | K10: =_xlfn.XLOOKUP(C10,coin_packages!A:A,coin_packages!B:B) -> Small | L10: {=INDEX(coin_packages!$B$2:$B$5,MATCH(C10,coin_packages!$A$2:$A$5,0))} -> Small | M10: =IF(F10="succeeded",G10,0) -> 0 | N10: =AND(F10="succeeded",I10="US",OR(J10="tablet",J10="mobile")) -> FALSE | O10: =COUNTIF(refunds!$B$2:$B$15,A10)>0 -> FALSE | P10: =_xlfn.XLOOKUP(A10,refunds!$B$2:$B$15,refunds!$D$2:$D$15,0,0) -> 0 | Q10: =IF(OR(payments[[#This Row],[completed_at]]="",payments[[#This Row],[completed_at]]=0),"",TEXT(payments[[#This Row],[completed_at]],"yyyy-mm"))
A11: 195 | B11: 8 | C11: 1 | D11: 46203.999 | F11: pending | G11: 4.99 | H11: 0 | I11: =_xlfn.XLOOKUP(B11,users!A:A,users!C:C) -> CA | J11: =_xlfn.XLOOKUP(B11,users!A:A,users!D:D) -> desktop | K11: =_xlfn.XLOOKUP(C11,coin_packages!A:A,coin_packages!B:B) -> Small | L11: {=INDEX(coin_packages!$B$2:$B$5,MATCH(C11,coin_packages!$A$2:$A$5,0))} -> Small | M11: =IF(F11="succeeded",G11,0) -> 0 | N11: =AND(F11="succeeded",I11="US",OR(J11="tablet",J11="mobile")) -> FALSE | O11: =COUNTIF(refunds!$B$2:$B$15,A11)>0 -> FALSE | P11: =_xlfn.XLOOKUP(A11,refunds!$B$2:$B$15,refunds!$D$2:$D$15,0,0) -> 0 | Q11: =IF(OR(payments[[#This Row],[completed_at]]="",payments[[#This Row],[completed_at]]=0),"",TEXT(payments[[#This Row],[completed_at]],"yyyy-mm"))
A12: 3 | B12: 8 | C12: 1 | D12: 46088.445 | E12: 46088.445 | F12: succeeded | G12: 4.99 | H12: 100 | I12: =_xlfn.XLOOKUP(B12,users!A:A,users!C:C) -> CA | J12: =_xlfn.XLOOKUP(B12,users!A:A,users!D:D) -> desktop | K12: =_xlfn.XLOOKUP(C12,coin_packages!A:A,coin_packages!B:B) -> Small | L12: {=INDEX(coin_packages!$B$2:$B$5,MATCH(C12,coin_packages!$A$2:$A$5,0))} -> Small | M12: =IF(F12="succeeded",G12,0) -> 4.99 | N12: =AND(F12="succeeded",I12="US",OR(J12="tablet",J12="mobile")) -> FALSE | O12: =COUNTIF(refunds!$B$2:$B$15,A12)>0 -> FALSE | P12: =_xlfn.XLOOKUP(A12,refunds!$B$2:$B$15,refunds!$D$2:$D$15,0,0) -> 0 | Q12: =IF(OR(payments[[#This Row],[completed_at]]="",payments[[#This Row],[completed_at]]=0),"",TEXT(payments[[#This Row],[completed_at]],"yyyy-mm")) -> 2026-03
A13: 196 | B13: 9 | C13: 1 | D13: 46203.999 | F13: pending | G13: 4.99 | H13: 0 | I13: =_xlfn.XLOOKUP(B13,users!A:A,users!C:C) -> BR | J13: =_xlfn.XLOOKUP(B13,users!A:A,users!D:D) -> tablet | K13: =_xlfn.XLOOKUP(C13,coin_packages!A:A,coin_packages!B:B) -> Small | L13: {=INDEX(coin_packages!$B$2:$B$5,MATCH(C13,coin_packages!$A$2:$A$5,0))} -> Small | M13: =IF(F13="succeeded",G13,0) -> 0 | N13: =AND(F13="succeeded",I13="US",OR(J13="tablet",J13="mobile")) -> FALSE | O13: =COUNTIF(refunds!$B$2:$B$15,A13)>0 -> FALSE | P13: =_xlfn.XLOOKUP(A13,refunds!$B$2:$B$15,refunds!$D$2:$D$15,0,0) -> 0 | Q13: =IF(OR(payments[[#This Row],[completed_at]]="",payments[[#This Row],[completed_at]]=0),"",TEXT(payments[[#This Row],[completed_at]],"yyyy-mm"))
A14: 197 | B14: 10 | C14: 1 | D14: 46203.999 | F14: pending | G14: 4.99 | H14: 0 | I14: =_xlfn.XLOOKUP(B14,users!A:A,users!C:C) -> BR | J14: =_xlfn.XLOOKUP(B14,users!A:A,users!D:D) -> desktop | K14: =_xlfn.XLOOKUP(C14,coin_packages!A:A,coin_packages!B:B) -> Small | L14: {=INDEX(coin_packages!$B$2:$B$5,MATCH(C14,coin_packages!$A$2:$A$5,0))} -> Small | M14: =IF(F14="succeeded",G14,0) -> 0 | N14: =AND(F14="succeeded",I14="US",OR(J14="tablet",J14="mobile")) -> FALSE | O14: =COUNTIF(refunds!$B$2:$B$15,A14)>0 -> FALSE | P14: =_xlfn.XLOOKUP(A14,refunds!$B$2:$B$15,refunds!$D$2:$D$15,0,0) -> 0 | Q14: =IF(OR(payments[[#This Row],[completed_at]]="",payments[[#This Row],[completed_at]]=0),"",TEXT(payments[[#This Row],[completed_at]],"yyyy-mm"))
A15: 198 | B15: 11 | C15: 1 | D15: 46203.999 | F15: pending | G15: 4.99 | H15: 0 | I15: =_xlfn.XLOOKUP(B15,users!A:A,users!C:C) -> UA | J15: =_xlfn.XLOOKUP(B15,users!A:A,users!D:D) -> mobile | K15: =_xlfn.XLOOKUP(C15,coin_packages!A:A,coin_packages!B:B) -> Small | L15: {=INDEX(coin_packages!$B$2:$B$5,MATCH(C15,coin_packages!$A$2:$A$5,0))} -> Small | M15: =IF(F15="succeeded",G15,0) -> 0 | N15: =AND(F15="succeeded",I15="US",OR(J15="tablet",J15="mobile")) -> FALSE | O15: =COUNTIF(refunds!$B$2:$B$15,A15)>0 -> FALSE | P15: =_xlfn.XLOOKUP(A15,refunds!$B$2:$B$15,refunds!$D$2:$D$15,0,0) -> 0 | Q15: =IF(OR(payments[[#This Row],[completed_at]]="",payments[[#This Row],[completed_at]]=0),"",TEXT(payments[[#This Row],[completed_at]],"yyyy-mm"))
A16: 199 | B16: 12 | C16: 1 | D16: 46203.999 | F16: pending | G16: 4.99 | H16: 0 | I16: =_xlfn.XLOOKUP(B16,users!A:A,users!C:C) -> DE | J16: =_xlfn.XLOOKUP(B16,users!A:A,users!D:D) -> mobile | K16: =_xlfn.XLOOKUP(C16,coin_packages!A:A,coin_packages!B:B) -> Small | L16: {=INDEX(coin_packages!$B$2:$B$5,MATCH(C16,coin_packages!$A$2:$A$5,0))} -> Small | M16: =IF(F16="succeeded",G16,0) -> 0 | N16: =AND(F16="succeeded",I16="US",OR(J16="tablet",J16="mobile")) -> FALSE | O16: =COUNTIF(refunds!$B$2:$B$15,A16)>0 -> FALSE | P16: =_xlfn.XLOOKUP(A16,refunds!$B$2:$B$15,refunds!$D$2:$D$15,0,0) -> 0 | Q16: =IF(OR(payments[[#This Row],[completed_at]]="",payments[[#This Row],[completed_at]]=0),"",TEXT(payments[[#This Row],[completed_at]],"yyyy-mm"))
A17: 200 | B17: 13 | C17: 1 | D17: 46203.999 | F17: pending | G17: 4.99 | H17: 0 | I17: =_xlfn.XLOOKUP(B17,users!A:A,users!C:C) -> UA | J17: =_xlfn.XLOOKUP(B17,users!A:A,users!D:D) -> tablet | K17: =_xlfn.XLOOKUP(C17,coin_packages!A:A,coin_packages!B:B) -> Small | L17: {=INDEX(coin_packages!$B$2:$B$5,MATCH(C17,coin_packages!$A$2:$A$5,0))} -> Small | M17: =IF(F17="succeeded",G17,0) -> 0 | N17: =AND(F17="succeeded",I17="US",OR(J17="tablet",J17="mobile")) -> FALSE | O17: =COUNTIF(refunds!$B$2:$B$15,A17)>0 -> FALSE | P17: =_xlfn.XLOOKUP(A17,refunds!$B$2:$B$15,refunds!$D$2:$D$15,0,0) -> 0 | Q17: =IF(OR(payments[[#This Row],[completed_at]]="",payments[[#This Row],[completed_at]]=0),"",TEXT(payments[[#This Row],[completed_at]],"yyyy-mm"))
A18: 4 | B18: 13 | C18: 2 | D18: 46128.645 | E18: 46128.645 | F18: succeeded | G18: 7.99 | H18: 250 | I18: =_xlfn.XLOOKUP(B18,users!A:A,users!C:C) -> UA | J18: =_xlfn.XLOOKUP(B18,users!A:A,users!D:D) -> tablet | K18: =_xlfn.XLOOKUP(C18,coin_packages!A:A,coin_packages!B:B) -> Medium | L18: {=INDEX(coin_packages!$B$2:$B$5,MATCH(C18,coin_packages!$A$2:$A$5,0))} -> Medium | M18: =IF(F18="succeeded",G18,0) -> 7.99 | N18: =AND(F18="succeeded",I18="US",OR(J18="tablet",J18="mobile")) -> FALSE | O18: =COUNTIF(refunds!$B$2:$B$15,A18)>0 -> FALSE | P18: =_xlfn.XLOOKUP(A18,refunds!$B$2:$B$15,refunds!$D$2:$D$15,0,0) -> 0 | Q18: =IF(OR(payments[[#This Row],[completed_at]]="",payments[[#This Row],[completed_at]]=0),"",TEXT(payments[[#This Row],[completed_at]],"yyyy-mm")) -> 2026-04
A19: 201 | B19: 14 | C19: 1 | D19: 46203.999 | F19: pending | G19: 4.99 | H19: 0 | I19: =_xlfn.XLOOKUP(B19,users!A:A,users!C:C) -> BR | J19: =_xlfn.XLOOKUP(B19,users!A:A,users!D:D) -> tablet | K19: =_xlfn.XLOOKUP(C19,coin_packages!A:A,coin_packages!B:B) -> Small | L19: {=INDEX(coin_packages!$B$2:$B$5,MATCH(C19,coin_packages!$A$2:$A$5,0))} -> Small | M19: =IF(F19="succeeded",G19,0) -> 0 | N19: =AND(F19="succeeded",I19="US",OR(J19="tablet",J19="mobile")) -> FALSE | O19: =COUNTIF(refunds!$B$2:$B$15,A19)>0 -> FALSE | P19: =_xlfn.XLOOKUP(A19,refunds!$B$2:$B$15,refunds!$D$2:$D$15,0,0) -> 0 | Q19: =IF(OR(payments[[#This Row],[completed_at]]="",payments[[#This Row],[completed_at]]=0),"",TEXT(payments[[#This Row],[completed_at]],"yyyy-mm"))
A20: 202 | B20: 15 | C20: 1 | D20: 46203.999 | F20: pending | G20: 4.99 | H20: 0 | I20: =_xlfn.XLOOKUP(B20,users!A:A,users!C:C) -> CA | J20: =_xlfn.XLOOKUP(B20,users!A:A,users!D:D) -> mobile | K20: =_xlfn.XLOOKUP(C20,coin_packages!A:A,coin_packages!B:B) -> Small | L20: {=INDEX(coin_packages!$B$2:$B$5,MATCH(C20,coin_packages!$A$2:$A$5,0))} -> Small | M20: =IF(F20="succeeded",G20,0) -> 0 | N20: =AND(F20="succeeded",I20="US",OR(J20="tablet",J20="mobile")) -> FALSE | O20: =COUNTIF(refunds!$B$2:$B$15,A20)>0 -> FALSE | P20: =_xlfn.XLOOKUP(A20,refunds!$B$2:$B$15,refunds!$D$2:$D$15,0,0) -> 0 | Q20: =IF(OR(payments[[#This Row],[completed_at]]="",payments[[#This Row],[completed_at]]=0),"",TEXT(payments[[#This Row],[completed_at]],"yyyy-mm"))
A21: 5 | B21: 36 | C21: 2 | D21: 46150.419 | E21: 46150.419 | F21: succeeded | G21: 7.99 | H21: 250 | I21: =_xlfn.XLOOKUP(B21,users!A:A,users!C:C) -> US | J21: =_xlfn.XLOOKUP(B21,users!A:A,users!D:D) -> mobile | K21: =_xlfn.XLOOKUP(C21,coin_packages!A:A,coin_packages!B:B) -> Medium | L21: {=INDEX(coin_packages!$B$2:$B$5,MATCH(C21,coin_packages!$A$2:$A$5,0))} -> Medium | M21: =IF(F21="succeeded",G21,0) -> 7.99 | N21: =AND(F21="succeeded",I21="US",OR(J21="tablet",J21="mobile")) -> TRUE | O21: =COUNTIF(refunds!$B$2:$B$15,A21)>0 -> FALSE | P21: =_xlfn.XLOOKUP(A21,refunds!$B$2:$B$15,refunds!$D$2:$D$15,0,0) -> 0 | Q21: =IF(OR(payments[[#This Row],[completed_at]]="",payments[[#This Row],[completed_at]]=0),"",TEXT(payments[[#This Row],[completed_at]],"yyyy-mm")) -> 2026-05
A22: 6 | B22: 40 | C22: 3 | D22: 46192.339 | E22: 46192.339 | F22: succeeded | G22: 19.99 | H22: 600 | I22: =_xlfn.XLOOKUP(B22,users!A:A,users!C:C) -> BR | J22: =_xlfn.XLOOKUP(B22,users!A:A,users!D:D) -> tablet | K22: =_xlfn.XLOOKUP(C22,coin_packages!A:A,coin_packages!B:B) -> Large | L22: {=INDEX(coin_packages!$B$2:$B$5,MATCH(C22,coin_packages!$A$2:$A$5,0))} -> Large | M22: =IF(F22="succeeded",G22,0) -> 19.99 | N22: =AND(F22="succeeded",I22="US",OR(J22="tablet",J22="mobile")) -> FALSE | O22: =COUNTIF(refunds!$B$2:$B$15,A22)>0 -> FALSE | P22: =_xlfn.XLOOKUP(A22,refunds!$B$2:$B$15,refunds!$D$2:$D$15,0,0) -> 0 | Q22: =IF(OR(payments[[#This Row],[completed_at]]="",payments[[#This Row],[completed_at]]=0),"",TEXT(payments[[#This Row],[completed_at]],"yyyy-mm")) -> 2026-06
A23: 7 | B23: 41 | C23: 3 | D23: 46196.551 | E23: 46196.551 | F23: succeeded | G23: 19.99 | H23: 600 | I23: =_xlfn.XLOOKUP(B23,users!A:A,users!C:C) -> GB | J23: =_xlfn.XLOOKUP(B23,users!A:A,users!D:D) -> tablet | K23: =_xlfn.XLOOKUP(C23,coin_packages!A:A,coin_packages!B:B) -> Large | L23: {=INDEX(coin_packages!$B$2:$B$5,MATCH(C23,coin_packages!$A$2:$A$5,0))} -> Large | M23: =IF(F23="succeeded",G23,0) -> 19.99 | N23: =AND(F23="succeeded",I23="US",OR(J23="tablet",J23="mobile")) -> FALSE | O23: =COUNTIF(refunds!$B$2:$B$15,A23)>0 -> FALSE | P23: =_xlfn.XLOOKUP(A23,refunds!$B$2:$B$15,refunds!$D$2:$D$15,0,0) -> 0 | Q23: =IF(OR(payments[[#This Row],[completed_at]]="",payments[[#This Row],[completed_at]]=0),"",TEXT(payments[[#This Row],[completed_at]],"yyyy-mm")) -> 2026-06
A24: 8 | B24: 42 | C24: 3 | D24: 46144.51 | E24: 46144.51 | F24: succeeded | G24: 19.99 | H24: 600 | I24: =_xlfn.XLOOKUP(B24,users!A:A,users!C:C) -> GB | J24: =_xlfn.XLOOKUP(B24,users!A:A,users!D:D) -> tablet | K24: =_xlfn.XLOOKUP(C24,coin_packages!A:A,coin_packages!B:B) -> Large | L24: {=INDEX(coin_packages!$B$2:$B$5,MATCH(C24,coin_packages!$A$2:$A$5,0))} -> Large | M24: =IF(F24="succeeded",G24,0) -> 19.99 | N24: =AND(F24="succeeded",I24="US",OR(J24="tablet",J24="mobile")) -> FALSE | O24: =COUNTIF(refunds!$B$2:$B$15,A24)>0 -> FALSE | P24: =_xlfn.XLOOKUP(A24,refunds!$B$2:$B$15,refunds!$D$2:$D$15,0,0) -> 0 | Q24: =IF(OR(payments[[#This Row],[completed_at]]="",payments[[#This Row],[completed_at]]=0),"",TEXT(payments[[#This Row],[completed_at]],"yyyy-mm")) -> 2026-05
A25: 10 | B25: 49 | C25: 1 | D25: 46137.062 | E25: 46137.062 | F25: succeeded | G25: 4.99 | H25: 100 | I25: =_xlfn.XLOOKUP(B25,users!A:A,users!C:C) -> CA | J25: =_xlfn.XLOOKUP(B25,users!A:A,users!D:D) -> mobile | K25: =_xlfn.XLOOKUP(C25,coin_packages!A:A,coin_packages!B:B) -> Small | L25: {=INDEX(coin_packages!$B$2:$B$5,MATCH(C25,coin_packages!$A$2:$A$5,0))} -> Small | M25: =IF(F25="succeeded",G25,0) -> 4.99 | N25: =AND(F25="succeeded",I25="US",OR(J25="tablet",J25="mobile")) -> FALSE | O25: =COUNTIF(refunds!$B$2:$B$15,A25)>0 -> FALSE | P25: =_xlfn.XLOOKUP(A25,refunds!$B$2:$B$15,refunds!$D$2:$D$15,0,0) -> 0 | Q25: =IF(OR(payments[[#This Row],[completed_at]]="",payments[[#This Row],[completed_at]]=0),"",TEXT(payments[[#This Row],[completed_at]],"yyyy-mm")) -> 2026-04
A26: 9 | B26: 49 | C26: 2 | D26: 46136.875 | E26: 46136.875 | F26: succeeded | G26: 9.99 | H26: 250 | I26: =_xlfn.XLOOKUP(B26,users!A:A,users!C:C) -> CA | J26: =_xlfn.XLOOKUP(B26,users!A:A,users!D:D) -> mobile | K26: =_xlfn.XLOOKUP(C26,coin_packages!A:A,coin_packages!B:B) -> Medium | L26: {=INDEX(coin_packages!$B$2:$B$5,MATCH(C26,coin_packages!$A$2:$A$5,0))} -> Medium | M26: =IF(F26="succeeded",G26,0) -> 9.99 | N26: =AND(F26="succeeded",I26="US",OR(J26="tablet",J26="mobile")) -> FALSE | O26: =COUNTIF(refunds!$B$2:$B$15,A26)>0 -> TRUE | P26: =_xlfn.XLOOKUP(A26,refunds!$B$2:$B$15,refunds!$D$2:$D$15,0,0) -> 9.99 | Q26: =IF(OR(payments[[#This Row],[completed_at]]="",payments[[#This Row],[completed_at]]=0),"",TEXT(payments[[#This Row],[completed_at]],"yyyy-mm")) -> 2026-04
A27: 11 | B27: 56 | C27: 1 | D27: 46129.993 | E27: 46129.993 | F27: succeeded | G27: 4.99 | H27: 100 | I27: =_xlfn.XLOOKUP(B27,users!A:A,users!C:C) -> US | J27: =_xlfn.XLOOKUP(B27,users!A:A,users!D:D) -> desktop | K27: =_xlfn.XLOOKUP(C27,coin_packages!A:A,coin_packages!B:B) -> Small | L27: {=INDEX(coin_packages!$B$2:$B$5,MATCH(C27,coin_packages!$A$2:$A$5,0))} -> Small | M27: =IF(F27="succeeded",G27,0) -> 4.99 | N27: =AND(F27="succeeded",I27="US",OR(J27="tablet",J27="mobile")) -> FALSE | O27: =COUNTIF(refunds!$B$2:$B$15,A27)>0 -> FALSE | P27: =_xlfn.XLOOKUP(A27,refunds!$B$2:$B$15,refunds!$D$2:$D$15,0,0) -> 0 | Q27: =IF(OR(payments[[#This Row],[completed_at]]="",payments[[#This Row],[completed_at]]=0),"",TEXT(payments[[#This Row],[completed_at]],"yyyy-mm")) -> 2026-04
A28: 12 | B28: 57 | C28: 2 | D28: 46145.645 | E28: 46145.646 | F28: succeeded | G28: 9.99 | H28: 250 | I28: =_xlfn.XLOOKUP(B28,users!A:A,users!C:C) -> GB | J28: =_xlfn.XLOOKUP(B28,users!A:A,users!D:D) -> tablet | K28: =_xlfn.XLOOKUP(C28,coin_packages!A:A,coin_packages!B:B) -> Medium | L28: {=INDEX(coin_packages!$B$2:$B$5,MATCH(C28,coin_packages!$A$2:$A$5,0))} -> Medium | M28: =IF(F28="succeeded",G28,0) -> 9.99 | N28: =AND(F28="succeeded",I28="US",OR(J28="tablet",J28="mobile")) -> FALSE | O28: =COUNTIF(refunds!$B$2:$B$15,A28)>0 -> FALSE | P28: =_xlfn.XLOOKUP(A28,refunds!$B$2:$B$15,refunds!$D$2:$D$15,0,0) -> 0 | Q28: =IF(OR(payments[[#This Row],[completed_at]]="",payments[[#This Row],[completed_at]]=0),"",TEXT(payments[[#This Row],[completed_at]],"yyyy-mm")) -> 2026-05
A29: 13 | B29: 58 | C29: 3 | D29: 46066.091 | E29: 46066.092 | F29: succeeded | G29: 19.99 | H29: 600 | I29: =_xlfn.XLOOKUP(B29,users!A:A,users!C:C) -> CA | J29: =_xlfn.XLOOKUP(B29,users!A:A,users!D:D) -> desktop | K29: =_xlfn.XLOOKUP(C29,coin_packages!A:A,coin_packages!B:B) -> Large | L29: {=INDEX(coin_packages!$B$2:$B$5,MATCH(C29,coin_packages!$A$2:$A$5,0))} -> Large | M29: =IF(F29="succeeded",G29,0) -> 19.99 | N29: =AND(F29="succeeded",I29="US",OR(J29="tablet",J29="mobile")) -> FALSE | O29: =COUNTIF(refunds!$B$2:$B$15,A29)>0 -> FALSE | P29: =_xlfn.XLOOKUP(A29,refunds!$B$2:$B$15,refunds!$D$2:$D$15,0,0) -> 0 | Q29: =IF(OR(payments[[#This Row],[completed_at]]="",payments[[#This Row],[completed_at]]=0),"",TEXT(payments[[#This Row],[completed_at]],"yyyy-mm")) -> 2026-02
A30: 14 | B30: 65 | C30: 1 | D30: 46169.21 | E30: 46169.21 | F30: succeeded | G30: 4.99 | H30: 100 | I30: =_xlfn.XLOOKUP(B30,users!A:A,users!C:C) -> CA | J30: =_xlfn.XLOOKUP(B30,users!A:A,users!D:D) -> mobile | K30: =_xlfn.XLOOKUP(C30,coin_packages!A:A,coin_packages!B:B) -> Small | L30: {=INDEX(coin_packages!$B$2:$B$5,MATCH(C30,coin_packages!$A$2:$A$5,0))} -> Small | M30: =IF(F30="succeeded",G30,0) -> 4.99 | N30: =AND(F30="succeeded",I30="US",OR(J30="tablet",J30="mobile")) -> FALSE | O30: =COUNTIF(refunds!$B$2:$B$15,A30)>0 -> FALSE | P30: =_xlfn.XLOOKUP(A30,refunds!$B$2:$B$15,refunds!$D$2:$D$15,0,0) -> 0 | Q30: =IF(OR(payments[[#This Row],[completed_at]]="",payments[[#This Row],[completed_at]]=0),"",TEXT(payments[[#This Row],[completed_at]],"yyyy-mm")) -> 2026-05
A31: 15 | B31: 66 | C31: 2 | D31: 46126.526 | E31: 46126.527 | F31: succeeded | G31: 9.99 | H31: 250 | I31: =_xlfn.XLOOKUP(B31,users!A:A,users!C:C) -> DE | J31: =_xlfn.XLOOKUP(B31,users!A:A,users!D:D) -> desktop | K31: =_xlfn.XLOOKUP(C31,coin_packages!A:A,coin_packages!B:B) -> Medium | L31: {=INDEX(coin_packages!$B$2:$B$5,MATCH(C31,coin_packages!$A$2:$A$5,0))} -> Medium | M31: =IF(F31="succeeded",G31,0) -> 9.99 | N31: =AND(F31="succeeded",I31="US",OR(J31="tablet",J31="mobile")) -> FALSE | O31: =COUNTIF(refunds!$B$2:$B$15,A31)>0 -> FALSE | P31: =_xlfn.XLOOKUP(A31,refunds!$B$2:$B$15,refunds!$D$2:$D$15,0,0) -> 0 | Q31: =IF(OR(payments[[#This Row],[completed_at]]="",payments[[#This Row],[completed_at]]=0),"",TEXT(payments[[#This Row],[completed_at]],"yyyy-mm")) -> 2026-04
A32: 16 | B32: 67 | C32: 3 | D32: 46086.51 | E32: 46086.51 | F32: succeeded | G32: 19.99 | H32: 600 | I32: =_xlfn.XLOOKUP(B32,users!A:A,users!C:C) -> CA | J32: =_xlfn.XLOOKUP(B32,users!A:A,users!D:D) -> tablet | K32: =_xlfn.XLOOKUP(C32,coin_packages!A:A,coin_packages!B:B) -> Large | L32: {=INDEX(coin_packages!$B$2:$B$5,MATCH(C32,coin_packages!$A$2:$A$5,0))} -> Large | M32: =IF(F32="succeeded",G32,0) -> 19.99 | N32: =AND(F32="succeeded",I32="US",OR(J32="tablet",J32="mobile")) -> FALSE | O32: =COUNTIF(refunds!$B$2:$B$15,A32)>0 -> FALSE | P32: =_xlfn.XLOOKUP(A32,refunds!$B$2:$B$15,refunds!$D$2:$D$15,0,0) -> 0 | Q32: =IF(OR(payments[[#This Row],[completed_at]]="",payments[[#This Row],[completed_at]]=0),"",TEXT(payments[[#This Row],[completed_at]],"yyyy-mm")) -> 2026-03
A33: 18 | B33: 69 | C33: 3 | D33: 46115.379 | E33: 46115.379 | F33: succeeded | G33: 19.99 | H33: 600 | I33: =_xlfn.XLOOKUP(B33,users!A:A,users!C:C) -> BR | J33: =_xlfn.XLOOKUP(B33,users!A:A,users!D:D) -> mobile | K33: =_xlfn.XLOOKUP(C33,coin_packages!A:A,coin_packages!B:B) -> Large | L33: {=INDEX(coin_packages!$B$2:$B$5,MATCH(C33,coin_packages!$A$2:$A$5,0))} -> Large | M33: =IF(F33="succeeded",G33,0) -> 19.99 | N33: =AND(F33="succeeded",I33="US",OR(J33="tablet",J33="mobile")) -> FALSE | O33: =COUNTIF(refunds!$B$2:$B$15,A33)>0 -> FALSE | P33: =_xlfn.XLOOKUP(A33,refunds!$B$2:$B$15,refunds!$D$2:$D$15,0,0) -> 0 | Q33: =IF(OR(payments[[#This Row],[completed_at]]="",payments[[#This Row],[completed_at]]=0),"",TEXT(payments[[#This Row],[completed_at]],"yyyy-mm")) -> 2026-04
A34: 17 | B34: 69 | C34: 3 | D34: 46104.228 | F34: failed | G34: 19.99 | H34: 0 | I34: =_xlfn.XLOOKUP(B34,users!A:A,users!C:C) -> BR | J34: =_xlfn.XLOOKUP(B34,users!A:A,users!D:D) -> mobile | K34: =_xlfn.XLOOKUP(C34,coin_packages!A:A,coin_packages!B:B) -> Large | L34: {=INDEX(coin_packages!$B$2:$B$5,MATCH(C34,coin_packages!$A$2:$A$5,0))} -> Large | M34: =IF(F34="succeeded",G34,0) -> 0 | N34: =AND(F34="succeeded",I34="US",OR(J34="tablet",J34="mobile")) -> FALSE | O34: =COUNTIF(refunds!$B$2:$B$15,A34)>0 -> FALSE | P34: =_xlfn.XLOOKUP(A34,refunds!$B$2:$B$15,refunds!$D$2:$D$15,0,0) -> 0 | Q34: =IF(OR(payments[[#This Row],[completed_at]]="",payments[[#This Row],[completed_at]]=0),"",TEXT(payments[[#This Row],[completed_at]],"yyyy-mm"))
A35: 20 | B35: 70 | C35: 2 | D35: 46175.239 | E35: 46175.239 | F35: succeeded | G35: 7.99 | H35: 250 | I35: =_xlfn.XLOOKUP(B35,users!A:A,users!C:C) -> BR | J35: =_xlfn.XLOOKUP(B35,users!A:A,users!D:D) -> tablet | K35: =_xlfn.XLOOKUP(C35,coin_packages!A:A,coin_packages!B:B) -> Medium | L35: {=INDEX(coin_packages!$B$2:$B$5,MATCH(C35,coin_packages!$A$2:$A$5,0))} -> Medium | M35: =IF(F35="succeeded",G35,0) -> 7.99 | N35: =AND(F35="succeeded",I35="US",OR(J35="tablet",J35="mobile")) -> FALSE | O35: =COUNTIF(refunds!$B$2:$B$15,A35)>0 -> FALSE | P35: =_xlfn.XLOOKUP(A35,refunds!$B$2:$B$15,refunds!$D$2:$D$15,0,0) -> 0 | Q35: =IF(OR(payments[[#This Row],[completed_at]]="",payments[[#This Row],[completed_at]]=0),"",TEXT(payments[[#This Row],[completed_at]],"yyyy-mm")) -> 2026-06
A36: 19 | B36: 70 | C36: 1 | D36: 46151.04 | E36: 46151.04 | F36: succeeded | G36: 4.99 | H36: 100 | I36: =_xlfn.XLOOKUP(B36,users!A:A,users!C:C) -> BR | J36: =_xlfn.XLOOKUP(B36,users!A:A,users!D:D) -> tablet | K36: =_xlfn.XLOOKUP(C36,coin_packages!A:A,coin_packages!B:B) -> Small | L36: {=INDEX(coin_packages!$B$2:$B$5,MATCH(C36,coin_packages!$A$2:$A$5,0))} -> Small | M36: =IF(F36="succeeded",G36,0) -> 4.99 | N36: =AND(F36="succeeded",I36="US",OR(J36="tablet",J36="mobile")) -> FALSE | O36: =COUNTIF(refunds!$B$2:$B$15,A36)>0 -> FALSE | P36: =_xlfn.XLOOKUP(A36,refunds!$B$2:$B$15,refunds!$D$2:$D$15,0,0) -> 0 | Q36: =IF(OR(payments[[#This Row],[completed_at]]="",payments[[#This Row],[completed_at]]=0),"",TEXT(payments[[#This Row],[completed_at]],"yyyy-mm")) -> 2026-05
A37: 21 | B37: 76 | C37: 3 | D37: 46072.282 | E37: 46072.282 | F37: succeeded | G37: 15.99 | H37: 600 | I37: =_xlfn.XLOOKUP(B37,users!A:A,users!C:C) -> DE | J37: =_xlfn.XLOOKUP(B37,users!A:A,users!D:D) -> tablet | K37: =_xlfn.XLOOKUP(C37,coin_packages!A:A,coin_packages!B:B) -> Large | L37: {=INDEX(coin_packages!$B$2:$B$5,MATCH(C37,coin_packages!$A$2:$A$5,0))} -> Large | M37: =IF(F37="succeeded",G37,0) -> 15.99 | N37: =AND(F37="succeeded",I37="US",OR(J37="tablet",J37="mobile")) -> FALSE | O37: =COUNTIF(refunds!$B$2:$B$15,A37)>0 -> FALSE | P37: =_xlfn.XLOOKUP(A37,refunds!$B$2:$B$15,refunds!$D$2:$D$15,0,0) -> 0 | Q37: =IF(OR(payments[[#This Row],[completed_at]]="",payments[[#This Row],[completed_at]]=0),"",TEXT(payments[[#This Row],[completed_at]],"yyyy-mm")) -> 2026-02
A38: 23 | B38: 91 | C38: 2 | D38: 46092.709 | E38: 46092.709 | F38: succeeded | G38: 9.99 | H38: 250 | I38: =_xlfn.XLOOKUP(B38,users!A:A,users!C:C) -> GB | J38: =_xlfn.XLOOKUP(B38,users!A:A,users!D:D) -> mobile | K38: =_xlfn.XLOOKUP(C38,coin_packages!A:A,coin_packages!B:B) -> Medium | L38: {=INDEX(coin_packages!$B$2:$B$5,MATCH(C38,coin_packages!$A$2:$A$5,0))} -> Medium | M38: =IF(F38="succeeded",G38,0) -> 9.99 | N38: =AND(F38="succeeded",I38="US",OR(J38="tablet",J38="mobile")) -> FALSE | O38: =COUNTIF(refunds!$B$2:$B$15,A38)>0 -> FALSE | P38: =_xlfn.XLOOKUP(A38,refunds!$B$2:$B$15,refunds!$D$2:$D$15,0,0) -> 0 | Q38: =IF(OR(payments[[#This Row],[completed_at]]="",payments[[#This Row],[completed_at]]=0),"",TEXT(payments[[#This Row],[completed_at]],"yyyy-mm")) -> 2026-03
A39: 22 | B39: 91 | C39: 3 | D39: 46089.66 | F39: failed | G39: 19.99 | H39: 0 | I39: =_xlfn.XLOOKUP(B39,users!A:A,users!C:C) -> GB | J39: =_xlfn.XLOOKUP(B39,users!A:A,users!D:D) -> mobile | K39: =_xlfn.XLOOKUP(C39,coin_packages!A:A,coin_packages!B:B) -> Large | L39: {=INDEX(coin_packages!$B$2:$B$5,MATCH(C39,coin_packages!$A$2:$A$5,0))} -> Large | M39: =IF(F39="succeeded",G39,0) -> 0 | N39: =AND(F39="succeeded",I39="US",OR(J39="tablet",J39="mobile")) -> FALSE | O39: =COUNTIF(refunds!$B$2:$B$15,A39)>0 -> FALSE | P39: =_xlfn.XLOOKUP(A39,refunds!$B$2:$B$15,refunds!$D$2:$D$15,0,0) -> 0 | Q39: =IF(OR(payments[[#This Row],[completed_at]]="",payments[[#This Row],[completed_at]]=0),"",TEXT(payments[[#This Row],[completed_at]],"yyyy-mm"))
A40: 24 | B40: 99 | C40: 2 | D40: 46154.703 | E40: 46154.703 | F40: succeeded | G40: 9.99 | H40: 250 | I40: =_xlfn.XLOOKUP(B40,users!A:A,users!C:C) -> DE | J40: =_xlfn.XLOOKUP(B40,users!A:A,users!D:D) -> tablet | K40: =_xlfn.XLOOKUP(C40,coin_packages!A:A,coin_packages!B:B) -> Medium | L40: {=INDEX(coin_packages!$B$2:$B$5,MATCH(C40,coin_packages!$A$2:$A$5,0))} -> Medium | M40: =IF(F40="succeeded",G40,0) -> 9.99 | N40: =AND(F40="succeeded",I40="US",OR(J40="tablet",J40="mobile")) -> FALSE | O40: =COUNTIF(refunds!$B$2:$B$15,A40)>0 -> FALSE | P40: =_xlfn.XLOOKUP(A40,refunds!$B$2:$B$15,refunds!$D$2:$D$15,0,0) -> 0 | Q40: =IF(OR(payments[[#This Row],[completed_at]]="",payments[[#This Row],[completed_at]]=0),"",TEXT(payments[[#This Row],[completed_at]],"yyyy-mm")) -> 2026-05
A41: 26 | B41: 104 | C41: 3 | D41: 46155.268 | E41: 46155.268 | F41: succeeded | G41: 19.99 | H41: 600 | I41: =_xlfn.XLOOKUP(B41,users!A:A,users!C:C) -> BR | J41: =_xlfn.XLOOKUP(B41,users!A:A,users!D:D) -> desktop | K41: =_xlfn.XLOOKUP(C41,coin_packages!A:A,coin_packages!B:B) -> Large | L41: {=INDEX(coin_packages!$B$2:$B$5,MATCH(C41,coin_packages!$A$2:$A$5,0))} -> Large | M41: =IF(F41="succeeded",G41,0) -> 19.99 | N41: =AND(F41="succeeded",I41="US",OR(J41="tablet",J41="mobile")) -> FALSE | O41: =COUNTIF(refunds!$B$2:$B$15,A41)>0 -> FALSE | P41: =_xlfn.XLOOKUP(A41,refunds!$B$2:$B$15,refunds!$D$2:$D$15,0,0) -> 0 | Q41: =IF(OR(payments[[#This Row],[completed_at]]="",payments[[#This Row],[completed_at]]=0),"",TEXT(payments[[#This Row],[completed_at]],"yyyy-mm")) -> 2026-05
A42: 25 | B42: 104 | C42: 3 | D42: 46153.767 | F42: failed | G42: 19.99 | H42: 0 | I42: =_xlfn.XLOOKUP(B42,users!A:A,users!C:C) -> BR | J42: =_xlfn.XLOOKUP(B42,users!A:A,users!D:D) -> desktop | K42: =_xlfn.XLOOKUP(C42,coin_packages!A:A,coin_packages!B:B) -> Large | L42: {=INDEX(coin_packages!$B$2:$B$5,MATCH(C42,coin_packages!$A$2:$A$5,0))} -> Large | M42: =IF(F42="succeeded",G42,0) -> 0 | N42: =AND(F42="succeeded",I42="US",OR(J42="tablet",J42="mobile")) -> FALSE | O42: =COUNTIF(refunds!$B$2:$B$15,A42)>0 -> FALSE | P42: =_xlfn.XLOOKUP(A42,refunds!$B$2:$B$15,refunds!$D$2:$D$15,0,0) -> 0 | Q42: =IF(OR(payments[[#This Row],[completed_at]]="",payments[[#This Row],[completed_at]]=0),"",TEXT(payments[[#This Row],[completed_at]],"yyyy-mm"))
A43: 28 | B43: 106 | C43: 2 | D43: 46186.589 | E43: 46186.589 | F43: succeeded | G43: 9.99 | H43: 250 | I43: =_xlfn.XLOOKUP(B43,users!A:A,users!C:C) -> GB | J43: =_xlfn.XLOOKUP(B43,users!A:A,users!D:D) -> mobile | K43: =_xlfn.XLOOKUP(C43,coin_packages!A:A,coin_packages!B:B) -> Medium | L43: {=INDEX(coin_packages!$B$2:$B$5,MATCH(C43,coin_packages!$A$2:$A$5,0))} -> Medium | M43: =IF(F43="succeeded",G43,0) -> 9.99 | N43: =AND(F43="succeeded",I43="US",OR(J43="tablet",J43="mobile")) -> FALSE | O43: =COUNTIF(refunds!$B$2:$B$15,A43)>0 -> FALSE | P43: =_xlfn.XLOOKUP(A43,refunds!$B$2:$B$15,refunds!$D$2:$D$15,0,0) -> 0 | Q43: =IF(OR(payments[[#This Row],[completed_at]]="",payments[[#This Row],[completed_at]]=0),"",TEXT(payments[[#This Row],[completed_at]],"yyyy-mm")) -> 2026-06
A44: 27 | B44: 106 | C44: 1 | D44: 46182.783 | F44: failed | G44: 4.99 | H44: 0 | I44: =_xlfn.XLOOKUP(B44,users!A:A,users!C:C) -> GB | J44: =_xlfn.XLOOKUP(B44,users!A:A,users!D:D) -> mobile | K44: =_xlfn.XLOOKUP(C44,coin_packages!A:A,coin_packages!B:B) -> Small | L44: {=INDEX(coin_packages!$B$2:$B$5,MATCH(C44,coin_packages!$A$2:$A$5,0))} -> Small | M44: =IF(F44="succeeded",G44,0) -> 0 | N44: =AND(F44="succeeded",I44="US",OR(J44="tablet",J44="mobile")) -> FALSE | O44: =COUNTIF(refunds!$B$2:$B$15,A44)>0 -> FALSE | P44: =_xlfn.XLOOKUP(A44,refunds!$B$2:$B$15,refunds!$D$2:$D$15,0,0) -> 0 | Q44: =IF(OR(payments[[#This Row],[completed_at]]="",payments[[#This Row],[completed_at]]=0),"",TEXT(payments[[#This Row],[completed_at]],"yyyy-mm"))
A45: 29 | B45: 107 | C45: 3 | D45: 46129.755 | E45: 46129.755 | F45: succeeded | G45: 19.99 | H45: 600 | I45: =_xlfn.XLOOKUP(B45,users!A:A,users!C:C) -> UA | J45: =_xlfn.XLOOKUP(B45,users!A:A,users!D:D) -> tablet | K45: =_xlfn.XLOOKUP(C45,coin_packages!A:A,coin_packages!B:B) -> Large | L45: {=INDEX(coin_packages!$B$2:$B$5,MATCH(C45,coin_packages!$A$2:$A$5,0))} -> Large | M45: =IF(F45="succeeded",G45,0) -> 19.99 | N45: =AND(F45="succeeded",I45="US",OR(J45="tablet",J45="mobile")) -> FALSE | O45: =COUNTIF(refunds!$B$2:$B$15,A45)>0 -> FALSE | P45: =_xlfn.XLOOKUP(A45,refunds!$B$2:$B$15,refunds!$D$2:$D$15,0,0) -> 0 | Q45: =IF(OR(payments[[#This Row],[completed_at]]="",payments[[#This Row],[completed_at]]=0),"",TEXT(payments[[#This Row],[completed_at]],"yyyy-mm")) -> 2026-04
A46: 31 | B46: 109 | C46: 1 | D46: 46170.22 | E46: 46170.221 | F46: succeeded | G46: 4.99 | H46: 100 | I46: =_xlfn.XLOOKUP(B46,users!A:A,users!C:C) -> BR | J46: =_xlfn.XLOOKUP(B46,users!A:A,users!D:D) -> desktop | K46: =_xlfn.XLOOKUP(C46,coin_packages!A:A,coin_packages!B:B) -> Small | L46: {=INDEX(coin_packages!$B$2:$B$5,MATCH(C46,coin_packages!$A$2:$A$5,0))} -> Small | M46: =IF(F46="succeeded",G46,0) -> 4.99 | N46: =AND(F46="succeeded",I46="US",OR(J46="tablet",J46="mobile")) -> FALSE | O46: =COUNTIF(refunds!$B$2:$B$15,A46)>0 -> FALSE | P46: =_xlfn.XLOOKUP(A46,refunds!$B$2:$B$15,refunds!$D$2:$D$15,0,0) -> 0 | Q46: =IF(OR(payments[[#This Row],[completed_at]]="",payments[[#This Row],[completed_at]]=0),"",TEXT(payments[[#This Row],[completed_at]],"yyyy-mm")) -> 2026-05
A47: 30 | B47: 109 | C47: 1 | D47: 46160.351 | F47: failed | G47: 4.99 | H47: 0 | I47: =_xlfn.XLOOKUP(B47,users!A:A,users!C:C) -> BR | J47: =_xlfn.XLOOKUP(B47,users!A:A,users!D:D) -> desktop | K47: =_xlfn.XLOOKUP(C47,coin_packages!A:A,coin_packages!B:B) -> Small | L47: {=INDEX(coin_packages!$B$2:$B$5,MATCH(C47,coin_packages!$A$2:$A$5,0))} -> Small | M47: =IF(F47="succeeded",G47,0) -> 0 | N47: =AND(F47="succeeded",I47="US",OR(J47="tablet",J47="mobile")) -> FALSE | O47: =COUNTIF(refunds!$B$2:$B$15,A47)>0 -> FALSE | P47: =_xlfn.XLOOKUP(A47,refunds!$B$2:$B$15,refunds!$D$2:$D$15,0,0) -> 0 | Q47: =IF(OR(payments[[#This Row],[completed_at]]="",payments[[#This Row],[completed_at]]=0),"",TEXT(payments[[#This Row],[completed_at]],"yyyy-mm"))
A48: 32 | B48: 110 | C48: 2 | D48: 46184.848 | E48: 46184.848 | F48: succeeded | G48: 7.99 | H48: 250 | I48: =_xlfn.XLOOKUP(B48,users!A:A,users!C:C) -> UA | J48: =_xlfn.XLOOKUP(B48,users!A:A,users!D:D) -> desktop | K48: =_xlfn.XLOOKUP(C48,coin_packages!A:A,coin_packages!B:B) -> Medium | L48: {=INDEX(coin_packages!$B$2:$B$5,MATCH(C48,coin_packages!$A$2:$A$5,0))} -> Medium | M48: =IF(F48="succeeded",G48,0) -> 7.99 | N48: =AND(F48="succeeded",I48="US",OR(J48="tablet",J48="mobile")) -> FALSE | O48: =COUNTIF(refunds!$B$2:$B$15,A48)>0 -> FALSE | P48: =_xlfn.XLOOKUP(A48,refunds!$B$2:$B$15,refunds!$D$2:$D$15,0,0) -> 0 | Q48: =IF(OR(payments[[#This Row],[completed_at]]="",payments[[#This Row],[completed_at]]=0),"",TEXT(payments[[#This Row],[completed_at]],"yyyy-mm")) -> 2026-06
A49: 33 | B49: 115 | C49: 2 | D49: 46165.893 | E49: 46165.893 | F49: succeeded | G49: 9.99 | H49: 250 | I49: =_xlfn.XLOOKUP(B49,users!A:A,users!C:C) -> DE | J49: =_xlfn.XLOOKUP(B49,users!A:A,users!D:D) -> tablet | K49: =_xlfn.XLOOKUP(C49,coin_packages!A:A,coin_packages!B:B) -> Medium | L49: {=INDEX(coin_packages!$B$2:$B$5,MATCH(C49,coin_packages!$A$2:$A$5,0))} -> Medium | M49: =IF(F49="succeeded",G49,0) -> 9.99 | N49: =AND(F49="succeeded",I49="US",OR(J49="tablet",J49="mobile")) -> FALSE | O49: =COUNTIF(refunds!$B$2:$B$15,A49)>0 -> FALSE | P49: =_xlfn.XLOOKUP(A49,refunds!$B$2:$B$15,refunds!$D$2:$D$15,0,0) -> 0 | Q49: =IF(OR(payments[[#This Row],[completed_at]]="",payments[[#This Row],[completed_at]]=0),"",TEXT(payments[[#This Row],[completed_at]],"yyyy-mm")) -> 2026-05
A50: 35 | B50: 117 | C50: 2 | D50: 46121.75 | E50: 46121.75 | F50: succeeded | G50: 9.99 | H50: 250 | I50: =_xlfn.XLOOKUP(B50,users!A:A,users!C:C) -> BR | J50: =_xlfn.XLOOKUP(B50,users!A:A,users!D:D) -> desktop | K50: =_xlfn.XLOOKUP(C50,coin_packages!A:A,coin_packages!B:B) -> Medium | L50: {=INDEX(coin_packages!$B$2:$B$5,MATCH(C50,coin_packages!$A$2:$A$5,0))} -> Medium | M50: =IF(F50="succeeded",G50,0) -> 9.99 | N50: =AND(F50="succeeded",I50="US",OR(J50="tablet",J50="mobile")) -> FALSE | O50: =COUNTIF(refunds!$B$2:$B$15,A50)>0 -> FALSE | P50: =_xlfn.XLOOKUP(A50,refunds!$B$2:$B$15,refunds!$D$2:$D$15,0,0) -> 0 | Q50: =IF(OR(payments[[#This Row],[completed_at]]="",payments[[#This Row],[completed_at]]=0),"",TEXT(payments[[#This Row],[completed_at]],"yyyy-mm")) -> 2026-04
A51: 34 | B51: 117 | C51: 3 | D51: 46116.58 | F51: failed | G51: 19.99 | H51: 0 | I51: =_xlfn.XLOOKUP(B51,users!A:A,users!C:C) -> BR | J51: =_xlfn.XLOOKUP(B51,users!A:A,users!D:D) -> desktop | K51: =_xlfn.XLOOKUP(C51,coin_packages!A:A,coin_packages!B:B) -> Large | L51: {=INDEX(coin_packages!$B$2:$B$5,MATCH(C51,coin_packages!$A$2:$A$5,0))} -> Large | M51: =IF(F51="succeeded",G51,0) -> 0 | N51: =AND(F51="succeeded",I51="US",OR(J51="tablet",J51="mobile")) -> FALSE | O51: =COUNTIF(refunds!$B$2:$B$15,A51)>0 -> FALSE | P51: =_xlfn.XLOOKUP(A51,refunds!$B$2:$B$15,refunds!$D$2:$D$15,0,0) -> 0 | Q51: =IF(OR(payments[[#This Row],[completed_at]]="",payments[[#This Row],[completed_at]]=0),"",TEXT(payments[[#This Row],[completed_at]],"yyyy-mm"))
A52: 37 | B52: 118 | C52: 2 | D52: 46100.205 | E52: 46100.205 | F52: succeeded | G52: 9.99 | H52: 250 | I52: =_xlfn.XLOOKUP(B52,users!A:A,users!C:C) -> US | J52: =_xlfn.XLOOKUP(B52,users!A:A,users!D:D) -> mobile | K52: =_xlfn.XLOOKUP(C52,coin_packages!A:A,coin_packages!B:B) -> Medium | L52: {=INDEX(coin_packages!$B$2:$B$5,MATCH(C52,coin_packages!$A$2:$A$5,0))} -> Medium | M52: =IF(F52="succeeded",G52,0) -> 9.99 | N52: =AND(F52="succeeded",I52="US",OR(J52="tablet",J52="mobile")) -> TRUE | O52: =COUNTIF(refunds!$B$2:$B$15,A52)>0 -> FALSE | P52: =_xlfn.XLOOKUP(A52,refunds!$B$2:$B$15,refunds!$D$2:$D$15,0,0) -> 0 | Q52: =IF(OR(payments[[#This Row],[completed_at]]="",payments[[#This Row],[completed_at]]=0),"",TEXT(payments[[#This Row],[completed_at]],"yyyy-mm")) -> 2026-03
A53: 36 | B53: 118 | C53: 1 | D53: 46085.98 | F53: failed | G53: 4.99 | H53: 0 | I53: =_xlfn.XLOOKUP(B53,users!A:A,users!C:C) -> US | J53: =_xlfn.XLOOKUP(B53,users!A:A,users!D:D) -> mobile | K53: =_xlfn.XLOOKUP(C53,coin_packages!A:A,coin_packages!B:B) -> Small | L53: {=INDEX(coin_packages!$B$2:$B$5,MATCH(C53,coin_packages!$A$2:$A$5,0))} -> Small | M53: =IF(F53="succeeded",G53,0) -> 0 | N53: =AND(F53="succeeded",I53="US",OR(J53="tablet",J53="mobile")) -> FALSE | O53: =COUNTIF(refunds!$B$2:$B$15,A53)>0 -> FALSE | P53: =_xlfn.XLOOKUP(A53,refunds!$B$2:$B$15,refunds!$D$2:$D$15,0,0) -> 0 | Q53: =IF(OR(payments[[#This Row],[completed_at]]="",payments[[#This Row],[completed_at]]=0),"",TEXT(payments[[#This Row],[completed_at]],"yyyy-mm"))
A54: 38 | B54: 123 | C54: 1 | D54: 46170.489 | E54: 46170.489 | F54: succeeded | G54: 3.99 | H54: 100 | I54: =_xlfn.XLOOKUP(B54,users!A:A,users!C:C) -> UA | J54: =_xlfn.XLOOKUP(B54,users!A:A,users!D:D) -> mobile | K54: =_xlfn.XLOOKUP(C54,coin_packages!A:A,coin_packages!B:B) -> Small | L54: {=INDEX(coin_packages!$B$2:$B$5,MATCH(C54,coin_packages!$A$2:$A$5,0))} -> Small | M54: =IF(F54="succeeded",G54,0) -> 3.99 | N54: =AND(F54="succeeded",I54="US",OR(J54="tablet",J54="mobile")) -> FALSE | O54: =COUNTIF(refunds!$B$2:$B$15,A54)>0 -> FALSE | P54: =_xlfn.XLOOKUP(A54,refunds!$B$2:$B$15,refunds!$D$2:$D$15,0,0) -> 0 | Q54: =IF(OR(payments[[#This Row],[completed_at]]="",payments[[#This Row],[completed_at]]=0),"",TEXT(payments[[#This Row],[completed_at]],"yyyy-mm")) -> 2026-05
A55: 39 | B55: 126 | C55: 3 | D55: 46112.205 | E55: 46112.205 | F55: succeeded | G55: 19.99 | H55: 600 | I55: =_xlfn.XLOOKUP(B55,users!A:A,users!C:C) -> BR | J55: =_xlfn.XLOOKUP(B55,users!A:A,users!D:D) -> desktop | K55: =_xlfn.XLOOKUP(C55,coin_packages!A:A,coin_packages!B:B) -> Large | L55: {=INDEX(coin_packages!$B$2:$B$5,MATCH(C55,coin_packages!$A$2:$A$5,0))} -> Large | M55: =IF(F55="succeeded",G55,0) -> 19.99 | N55: =AND(F55="succeeded",I55="US",OR(J55="tablet",J55="mobile")) -> FALSE | O55: =COUNTIF(refunds!$B$2:$B$15,A55)>0 -> FALSE | P55: =_xlfn.XLOOKUP(A55,refunds!$B$2:$B$15,refunds!$D$2:$D$15,0,0) -> 0 | Q55: =IF(OR(payments[[#This Row],[completed_at]]="",payments[[#This Row],[completed_at]]=0),"",TEXT(payments[[#This Row],[completed_at]],"yyyy-mm")) -> 2026-03
A56: 40 | B56: 135 | C56: 3 | D56: 46174.715 | E56: 46174.715 | F56: succeeded | G56: 19.99 | H56: 600 | I56: =_xlfn.XLOOKUP(B56,users!A:A,users!C:C) -> GB | J56: =_xlfn.XLOOKUP(B56,users!A:A,users!D:D) -> tablet | K56: =_xlfn.XLOOKUP(C56,coin_packages!A:A,coin_packages!B:B) -> Large | L56: {=INDEX(coin_packages!$B$2:$B$5,MATCH(C56,coin_packages!$A$2:$A$5,0))} -> Large | M56: =IF(F56="succeeded",G56,0) -> 19.99 | N56: =AND(F56="succeeded",I56="US",OR(J56="tablet",J56="mobile")) -> FALSE | O56: =COUNTIF(refunds!$B$2:$B$15,A56)>0 -> FALSE | P56: =_xlfn.XLOOKUP(A56,refunds!$B$2:$B$15,refunds!$D$2:$D$15,0,0) -> 0 | Q56: =IF(OR(payments[[#This Row],[completed_at]]="",payments[[#This Row],[completed_at]]=0),"",TEXT(payments[[#This Row],[completed_at]],"yyyy-mm")) -> 2026-06
A57: 41 | B57: 142 | C57: 3 | D57: 46195.192 | E57: 46195.192 | F57: succeeded | G57: 19.99 | H57: 600 | I57: =_xlfn.XLOOKUP(B57,users!A:A,users!C:C) -> US | J57: =_xlfn.XLOOKUP(B57,users!A:A,users!D:D) -> mobile | K57: =_xlfn.XLOOKUP(C57,coin_packages!A:A,coin_packages!B:B) -> Large | L57: {=INDEX(coin_packages!$B$2:$B$5,MATCH(C57,coin_packages!$A$2:$A$5,0))} -> Large | M57: =IF(F57="succeeded",G57,0) -> 19.99 | N57: =AND(F57="succeeded",I57="US",OR(J57="tablet",J57="mobile")) -> TRUE | O57: =COUNTIF(refunds!$B$2:$B$15,A57)>0 -> FALSE | P57: =_xlfn.XLOOKUP(A57,refunds!$B$2:$B$15,refunds!$D$2:$D$15,0,0) -> 0 | Q57: =IF(OR(payments[[#This Row],[completed_at]]="",payments[[#This Row],[completed_at]]=0),"",TEXT(payments[[#This Row],[completed_at]],"yyyy-mm")) -> 2026-06
A58: 42 | B58: 148 | C58: 2 | D58: 46188.53 | E58: 46188.53 | F58: succeeded | G58: 9.99 | H58: 250 | I58: =_xlfn.XLOOKUP(B58,users!A:A,users!C:C) -> DE | J58: =_xlfn.XLOOKUP(B58,users!A:A,users!D:D) -> mobile | K58: =_xlfn.XLOOKUP(C58,coin_packages!A:A,coin_packages!B:B) -> Medium | L58: {=INDEX(coin_packages!$B$2:$B$5,MATCH(C58,coin_packages!$A$2:$A$5,0))} -> Medium | M58: =IF(F58="succeeded",G58,0) -> 9.99 | N58: =AND(F58="succeeded",I58="US",OR(J58="tablet",J58="mobile")) -> FALSE | O58: =COUNTIF(refunds!$B$2:$B$15,A58)>0 -> FALSE | P58: =_xlfn.XLOOKUP(A58,refunds!$B$2:$B$15,refunds!$D$2:$D$15,0,0) -> 0 | Q58: =IF(OR(payments[[#This Row],[completed_at]]="",payments[[#This Row],[completed_at]]=0),"",TEXT(payments[[#This Row],[completed_at]],"yyyy-mm")) -> 2026-06
A59: 43 | B59: 152 | C59: 2 | D59: 46098.983 | E59: 46098.983 | F59: succeeded | G59: 9.99 | H59: 250 | I59: =_xlfn.XLOOKUP(B59,users!A:A,users!C:C) -> UA | J59: =_xlfn.XLOOKUP(B59,users!A:A,users!D:D) -> mobile | K59: =_xlfn.XLOOKUP(C59,coin_packages!A:A,coin_packages!B:B) -> Medium | L59: {=INDEX(coin_packages!$B$2:$B$5,MATCH(C59,coin_packages!$A$2:$A$5,0))} -> Medium | M59: =IF(F59="succeeded",G59,0) -> 9.99 | N59: =AND(F59="succeeded",I59="US",OR(J59="tablet",J59="mobile")) -> FALSE | O59: =COUNTIF(refunds!$B$2:$B$15,A59)>0 -> FALSE | P59: =_xlfn.XLOOKUP(A59,refunds!$B$2:$B$15,refunds!$D$2:$D$15,0,0) -> 0 | Q59: =IF(OR(payments[[#This Row],[completed_at]]="",payments[[#This Row],[completed_at]]=0),"",TEXT(payments[[#This Row],[completed_at]],"yyyy-mm")) -> 2026-03
A60: 44 | B60: 156 | C60: 2 | D60: 46162.155 | E60: 46162.155 | F60: succeeded | G60: 9.99 | H60: 250 | I60: =_xlfn.XLOOKUP(B60,users!A:A,users!C:C) -> GB | J60: =_xlfn.XLOOKUP(B60,users!A:A,users!D:D) -> desktop | K60: =_xlfn.XLOOKUP(C60,coin_packages!A:A,coin_packages!B:B) -> Medium | L60: {=INDEX(coin_packages!$B$2:$B$5,MATCH(C60,coin_packages!$A$2:$A$5,0))} -> Medium | M60: =IF(F60="succeeded",G60,0) -> 9.99 | N60: =AND(F60="succeeded",I60="US",OR(J60="tablet",J60="mobile")) -> FALSE | O60: =COUNTIF(refunds!$B$2:$B$15,A60)>0 -> FALSE | P60: =_xlfn.XLOOKUP(A60,refunds!$B$2:$B$15,refunds!$D$2:$D$15,0,0) -> 0 | Q60: =IF(OR(payments[[#This Row],[completed_at]]="",payments[[#This Row],[completed_at]]=0),"",TEXT(payments[[#This Row],[completed_at]],"yyyy-mm")) -> 2026-05
A61: 47 | B61: 161 | C61: 2 | D61: 46104.864 | E61: 46104.864 | F61: succeeded | G61: 9.99 | H61: 250 | I61: =_xlfn.XLOOKUP(B61,users!A:A,users!C:C) -> US | J61: =_xlfn.XLOOKUP(B61,users!A:A,users!D:D) -> mobile | K61: =_xlfn.XLOOKUP(C61,coin_packages!A:A,coin_packages!B:B) -> Medium | L61: {=INDEX(coin_packages!$B$2:$B$5,MATCH(C61,coin_packages!$A$2:$A$5,0))} -> Medium | M61: =IF(F61="succeeded",G61,0) -> 9.99 | N61: =AND(F61="succeeded",I61="US",OR(J61="tablet",J61="mobile")) -> TRUE | O61: =COUNTIF(refunds!$B$2:$B$15,A61)>0 -> FALSE | P61: =_xlfn.XLOOKUP(A61,refunds!$B$2:$B$15,refunds!$D$2:$D$15,0,0) -> 0 | Q61: =IF(OR(payments[[#This Row],[completed_at]]="",payments[[#This Row],[completed_at]]=0),"",TEXT(payments[[#This Row],[completed_at]],"yyyy-mm")) -> 2026-03
A62: 46 | B62: 161 | C62: 3 | D62: 46099.503 | F62: failed | G62: 19.99 | H62: 0 | I62: =_xlfn.XLOOKUP(B62,users!A:A,users!C:C) -> US | J62: =_xlfn.XLOOKUP(B62,users!A:A,users!D:D) -> mobile | K62: =_xlfn.XLOOKUP(C62,coin_packages!A:A,coin_packages!B:B) -> Large | L62: {=INDEX(coin_packages!$B$2:$B$5,MATCH(C62,coin_packages!$A$2:$A$5,0))} -> Large | M62: =IF(F62="succeeded",G62,0) -> 0 | N62: =AND(F62="succeeded",I62="US",OR(J62="tablet",J62="mobile")) -> FALSE | O62: =COUNTIF(refunds!$B$2:$B$15,A62)>0 -> FALSE | P62: =_xlfn.XLOOKUP(A62,refunds!$B$2:$B$15,refunds!$D$2:$D$15,0,0) -> 0 | Q62: =IF(OR(payments[[#This Row],[completed_at]]="",payments[[#This Row],[completed_at]]=0),"",TEXT(payments[[#This Row],[completed_at]],"yyyy-mm"))
A63: 45 | B63: 161 | C63: 3 | D63: 46083.974 | F63: failed | G63: 19.99 | H63: 0 | I63: =_xlfn.XLOOKUP(B63,users!A:A,users!C:C) -> US | J63: =_xlfn.XLOOKUP(B63,users!A:A,users!D:D) -> mobile | K63: =_xlfn.XLOOKUP(C63,coin_packages!A:A,coin_packages!B:B) -> Large | L63: {=INDEX(coin_packages!$B$2:$B$5,MATCH(C63,coin_packages!$A$2:$A$5,0))} -> Large | M63: =IF(F63="succeeded",G63,0) -> 0 | N63: =AND(F63="succeeded",I63="US",OR(J63="tablet",J63="mobile")) -> FALSE | O63: =COUNTIF(refunds!$B$2:$B$15,A63)>0 -> FALSE | P63: =_xlfn.XLOOKUP(A63,refunds!$B$2:$B$15,refunds!$D$2:$D$15,0,0) -> 0 | Q63: =IF(OR(payments[[#This Row],[completed_at]]="",payments[[#This Row],[completed_at]]=0),"",TEXT(payments[[#This Row],[completed_at]],"yyyy-mm"))
A64: 48 | B64: 162 | C64: 3 | D64: 46175.674 | E64: 46175.674 | F64: succeeded | G64: 19.99 | H64: 600 | I64: =_xlfn.XLOOKUP(B64,users!A:A,users!C:C) -> US | J64: =_xlfn.XLOOKUP(B64,users!A:A,users!D:D) -> mobile | K64: =_xlfn.XLOOKUP(C64,coin_packages!A:A,coin_packages!B:B) -> Large | L64: {=INDEX(coin_packages!$B$2:$B$5,MATCH(C64,coin_packages!$A$2:$A$5,0))} -> Large | M64: =IF(F64="succeeded",G64,0) -> 19.99 | N64: =AND(F64="succeeded",I64="US",OR(J64="tablet",J64="mobile")) -> TRUE | O64: =COUNTIF(refunds!$B$2:$B$15,A64)>0 -> FALSE | P64: =_xlfn.XLOOKUP(A64,refunds!$B$2:$B$15,refunds!$D$2:$D$15,0,0) -> 0 | Q64: =IF(OR(payments[[#This Row],[completed_at]]="",payments[[#This Row],[completed_at]]=0),"",TEXT(payments[[#This Row],[completed_at]],"yyyy-mm")) -> 2026-06
A65: 49 | B65: 163 | C65: 3 | D65: 46165.723 | E65: 46165.723 | F65: succeeded | G65: 19.99 | H65: 600 | I65: =_xlfn.XLOOKUP(B65,users!A:A,users!C:C) -> BR | J65: =_xlfn.XLOOKUP(B65,users!A:A,users!D:D) -> desktop | K65: =_xlfn.XLOOKUP(C65,coin_packages!A:A,coin_packages!B:B) -> Large | L65: {=INDEX(coin_packages!$B$2:$B$5,MATCH(C65,coin_packages!$A$2:$A$5,0))} -> Large | M65: =IF(F65="succeeded",G65,0) -> 19.99 | N65: =AND(F65="succeeded",I65="US",OR(J65="tablet",J65="mobile")) -> FALSE | O65: =COUNTIF(refunds!$B$2:$B$15,A65)>0 -> FALSE | P65: =_xlfn.XLOOKUP(A65,refunds!$B$2:$B$15,refunds!$D$2:$D$15,0,0) -> 0 | Q65: =IF(OR(payments[[#This Row],[completed_at]]="",payments[[#This Row],[completed_at]]=0),"",TEXT(payments[[#This Row],[completed_at]],"yyyy-mm")) -> 2026-05
A66: 50 | B66: 165 | C66: 2 | D66: 46197.012 | E66: 46197.012 | F66: succeeded | G66: 9.99 | H66: 250 | I66: =_xlfn.XLOOKUP(B66,users!A:A,users!C:C) -> US | J66: =_xlfn.XLOOKUP(B66,users!A:A,users!D:D) -> tablet | K66: =_xlfn.XLOOKUP(C66,coin_packages!A:A,coin_packages!B:B) -> Medium | L66: {=INDEX(coin_packages!$B$2:$B$5,MATCH(C66,coin_packages!$A$2:$A$5,0))} -> Medium | M66: =IF(F66="succeeded",G66,0) -> 9.99 | N66: =AND(F66="succeeded",I66="US",OR(J66="tablet",J66="mobile")) -> TRUE | O66: =COUNTIF(refunds!$B$2:$B$15,A66)>0 -> FALSE | P66: =_xlfn.XLOOKUP(A66,refunds!$B$2:$B$15,refunds!$D$2:$D$15,0,0) -> 0 | Q66: =IF(OR(payments[[#This Row],[completed_at]]="",payments[[#This Row],[completed_at]]=0),"",TEXT(payments[[#This Row],[completed_at]],"yyyy-mm")) -> 2026-06
A67: 51 | B67: 175 | C67: 3 | D67: 46120.093 | E67: 46120.093 | F67: succeeded | G67: 19.99 | H67: 600 | I67: =_xlfn.XLOOKUP(B67,users!A:A,users!C:C) -> DE | J67: =_xlfn.XLOOKUP(B67,users!A:A,users!D:D) -> tablet | K67: =_xlfn.XLOOKUP(C67,coin_packages!A:A,coin_packages!B:B) -> Large | L67: {=INDEX(coin_packages!$B$2:$B$5,MATCH(C67,coin_packages!$A$2:$A$5,0))} -> Large | M67: =IF(F67="succeeded",G67,0) -> 19.99 | N67: =AND(F67="succeeded",I67="US",OR(J67="tablet",J67="mobile")) -> FALSE | O67: =COUNTIF(refunds!$B$2:$B$15,A67)>0 -> FALSE | P67: =_xlfn.XLOOKUP(A67,refunds!$B$2:$B$15,refunds!$D$2:$D$15,0,0) -> 0 | Q67: =IF(OR(payments[[#This Row],[completed_at]]="",payments[[#This Row],[completed_at]]=0),"",TEXT(payments[[#This Row],[completed_at]],"yyyy-mm")) -> 2026-04
A68: 52 | B68: 176 | C68: 3 | D68: 46186.381 | E68: 46186.382 | F68: succeeded | G68: 19.99 | H68: 600 | I68: =_xlfn.XLOOKUP(B68,users!A:A,users!C:C) -> BR | J68: =_xlfn.XLOOKUP(B68,users!A:A,users!D:D) -> desktop | K68: =_xlfn.XLOOKUP(C68,coin_packages!A:A,coin_packages!B:B) -> Large | L68: {=INDEX(coin_packages!$B$2:$B$5,MATCH(C68,coin_packages!$A$2:$A$5,0))} -> Large | M68: =IF(F68="succeeded",G68,0) -> 19.99 | N68: =AND(F68="succeeded",I68="US",OR(J68="tablet",J68="mobile")) -> FALSE | O68: =COUNTIF(refunds!$B$2:$B$15,A68)>0 -> FALSE | P68: =_xlfn.XLOOKUP(A68,refunds!$B$2:$B$15,refunds!$D$2:$D$15,0,0) -> 0 | Q68: =IF(OR(payments[[#This Row],[completed_at]]="",payments[[#This Row],[completed_at]]=0),"",TEXT(payments[[#This Row],[completed_at]],"yyyy-mm")) -> 2026-06
A69: 53 | B69: 178 | C69: 1 | D69: 46086.704 | E69: 46086.704 | F69: succeeded | G69: 4.99 | H69: 100 | I69: =_xlfn.XLOOKUP(B69,users!A:A,users!C:C) -> GB | J69: =_xlfn.XLOOKUP(B69,users!A:A,users!D:D) -> tablet | K69: =_xlfn.XLOOKUP(C69,coin_packages!A:A,coin_packages!B:B) -> Small | L69: {=INDEX(coin_packages!$B$2:$B$5,MATCH(C69,coin_packages!$A$2:$A$5,0))} -> Small | M69: =IF(F69="succeeded",G69,0) -> 4.99 | N69: =AND(F69="succeeded",I69="US",OR(J69="tablet",J69="mobile")) -> FALSE | O69: =COUNTIF(refunds!$B$2:$B$15,A69)>0 -> FALSE | P69: =_xlfn.XLOOKUP(A69,refunds!$B$2:$B$15,refunds!$D$2:$D$15,0,0) -> 0 | Q69: =IF(OR(payments[[#This Row],[completed_at]]="",payments[[#This Row],[completed_at]]=0),"",TEXT(payments[[#This Row],[completed_at]],"yyyy-mm")) -> 2026-03
A70: 55 | B70: 179 | C70: 3 | D70: 46195.806 | E70: 46195.806 | F70: succeeded | G70: 19.99 | H70: 600 | I70: =_xlfn.XLOOKUP(B70,users!A:A,users!C:C) -> DE | J70: =_xlfn.XLOOKUP(B70,users!A:A,users!D:D) -> tablet | K70: =_xlfn.XLOOKUP(C70,coin_packages!A:A,coin_packages!B:B) -> Large | L70: {=INDEX(coin_packages!$B$2:$B$5,MATCH(C70,coin_packages!$A$2:$A$5,0))} -> Large | M70: =IF(F70="succeeded",G70,0) -> 19.99 | N70: =AND(F70="succeeded",I70="US",OR(J70="tablet",J70="mobile")) -> FALSE | O70: =COUNTIF(refunds!$B$2:$B$15,A70)>0 -> FALSE | P70: =_xlfn.XLOOKUP(A70,refunds!$B$2:$B$15,refunds!$D$2:$D$15,0,0) -> 0 | Q70: =IF(OR(payments[[#This Row],[completed_at]]="",payments[[#This Row],[completed_at]]=0),"",TEXT(payments[[#This Row],[completed_at]],"yyyy-mm")) -> 2026-06
A71: 54 | B71: 179 | C71: 2 | D71: 46134.809 | F71: failed | G71: 9.99 | H71: 0 | I71: =_xlfn.XLOOKUP(B71,users!A:A,users!C:C) -> DE | J71: =_xlfn.XLOOKUP(B71,users!A:A,users!D:D) -> tablet | K71: =_xlfn.XLOOKUP(C71,coin_packages!A:A,coin_packages!B:B) -> Medium | L71: {=INDEX(coin_packages!$B$2:$B$5,MATCH(C71,coin_packages!$A$2:$A$5,0))} -> Medium | M71: =IF(F71="succeeded",G71,0) -> 0 | N71: =AND(F71="succeeded",I71="US",OR(J71="tablet",J71="mobile")) -> FALSE | O71: =COUNTIF(refunds!$B$2:$B$15,A71)>0 -> FALSE | P71: =_xlfn.XLOOKUP(A71,refunds!$B$2:$B$15,refunds!$D$2:$D$15,0,0) -> 0 | Q71: =IF(OR(payments[[#This Row],[completed_at]]="",payments[[#This Row],[completed_at]]=0),"",TEXT(payments[[#This Row],[completed_at]],"yyyy-mm"))
A72: 56 | B72: 182 | C72: 1 | D72: 46147.793 | E72: 46147.794 | F72: succeeded | G72: 4.99 | H72: 100 | I72: =_xlfn.XLOOKUP(B72,users!A:A,users!C:C) -> US | J72: =_xlfn.XLOOKUP(B72,users!A:A,users!D:D) -> desktop | K72: =_xlfn.XLOOKUP(C72,coin_packages!A:A,coin_packages!B:B) -> Small | L72: {=INDEX(coin_packages!$B$2:$B$5,MATCH(C72,coin_packages!$A$2:$A$5,0))} -> Small | M72: =IF(F72="succeeded",G72,0) -> 4.99 | N72: =AND(F72="succeeded",I72="US",OR(J72="tablet",J72="mobile")) -> FALSE | O72: =COUNTIF(refunds!$B$2:$B$15,A72)>0 -> FALSE | P72: =_xlfn.XLOOKUP(A72,refunds!$B$2:$B$15,refunds!$D$2:$D$15,0,0) -> 0 | Q72: =IF(OR(payments[[#This Row],[completed_at]]="",payments[[#This Row],[completed_at]]=0),"",TEXT(payments[[#This Row],[completed_at]],"yyyy-mm")) -> 2026-05
A73: 57 | B73: 196 | C73: 2 | D73: 46161.978 | E73: 46161.978 | F73: succeeded | G73: 9.99 | H73: 250 | I73: =_xlfn.XLOOKUP(B73,users!A:A,users!C:C) -> CA | J73: =_xlfn.XLOOKUP(B73,users!A:A,users!D:D) -> mobile | K73: =_xlfn.XLOOKUP(C73,coin_packages!A:A,coin_packages!B:B) -> Medium | L73: {=INDEX(coin_packages!$B$2:$B$5,MATCH(C73,coin_packages!$A$2:$A$5,0))} -> Medium | M73: =IF(F73="succeeded",G73,0) -> 9.99 | N73: =AND(F73="succeeded",I73="US",OR(J73="tablet",J73="mobile")) -> FALSE | O73: =COUNTIF(refunds!$B$2:$B$15,A73)>0 -> FALSE | P73: =_xlfn.XLOOKUP(A73,refunds!$B$2:$B$15,refunds!$D$2:$D$15,0,0) -> 0 | Q73: =IF(OR(payments[[#This Row],[completed_at]]="",payments[[#This Row],[completed_at]]=0),"",TEXT(payments[[#This Row],[completed_at]],"yyyy-mm")) -> 2026-05
A74: 59 | B74: 199 | C74: 2 | D74: 46188.37 | E74: 46188.37 | F74: succeeded | G74: 9.99 | H74: 250 | I74: =_xlfn.XLOOKUP(B74,users!A:A,users!C:C) -> UA | J74: =_xlfn.XLOOKUP(B74,users!A:A,users!D:D) -> mobile | K74: =_xlfn.XLOOKUP(C74,coin_packages!A:A,coin_packages!B:B) -> Medium | L74: {=INDEX(coin_packages!$B$2:$B$5,MATCH(C74,coin_packages!$A$2:$A$5,0))} -> Medium | M74: =IF(F74="succeeded",G74,0) -> 9.99 | N74: =AND(F74="succeeded",I74="US",OR(J74="tablet",J74="mobile")) -> FALSE | O74: =COUNTIF(refunds!$B$2:$B$15,A74)>0 -> FALSE | P74: =_xlfn.XLOOKUP(A74,refunds!$B$2:$B$15,refunds!$D$2:$D$15,0,0) -> 0 | Q74: =IF(OR(payments[[#This Row],[completed_at]]="",payments[[#This Row],[completed_at]]=0),"",TEXT(payments[[#This Row],[completed_at]],"yyyy-mm")) -> 2026-06
A75: 58 | B75: 199 | C75: 1 | D75: 46151.734 | E75: 46151.734 | F75: succeeded | G75: 4.99 | H75: 100 | I75: =_xlfn.XLOOKUP(B75,users!A:A,users!C:C) -> UA | J75: =_xlfn.XLOOKUP(B75,users!A:A,users!D:D) -> mobile | K75: =_xlfn.XLOOKUP(C75,coin_packages!A:A,coin_packages!B:B) -> Small | L75: {=INDEX(coin_packages!$B$2:$B$5,MATCH(C75,coin_packages!$A$2:$A$5,0))} -> Small | M75: =IF(F75="succeeded",G75,0) -> 4.99 | N75: =AND(F75="succeeded",I75="US",OR(J75="tablet",J75="mobile")) -> FALSE | O75: =COUNTIF(refunds!$B$2:$B$15,A75)>0 -> FALSE | P75: =_xlfn.XLOOKUP(A75,refunds!$B$2:$B$15,refunds!$D$2:$D$15,0,0) -> 0 | Q75: =IF(OR(payments[[#This Row],[completed_at]]="",payments[[#This Row],[completed_at]]=0),"",TEXT(payments[[#This Row],[completed_at]],"yyyy-mm")) -> 2026-05
A76: 61 | B76: 212 | C76: 3 | D76: 46182.084 | E76: 46182.084 | F76: succeeded | G76: 19.99 | H76: 600 | I76: =_xlfn.XLOOKUP(B76,users!A:A,users!C:C) -> US | J76: =_xlfn.XLOOKUP(B76,users!A:A,users!D:D) -> desktop | K76: =_xlfn.XLOOKUP(C76,coin_packages!A:A,coin_packages!B:B) -> Large | L76: {=INDEX(coin_packages!$B$2:$B$5,MATCH(C76,coin_packages!$A$2:$A$5,0))} -> Large | M76: =IF(F76="succeeded",G76,0) -> 19.99 | N76: =AND(F76="succeeded",I76="US",OR(J76="tablet",J76="mobile")) -> FALSE | O76: =COUNTIF(refunds!$B$2:$B$15,A76)>0 -> FALSE | P76: =_xlfn.XLOOKUP(A76,refunds!$B$2:$B$15,refunds!$D$2:$D$15,0,0) -> 0 | Q76: =IF(OR(payments[[#This Row],[completed_at]]="",payments[[#This Row],[completed_at]]=0),"",TEXT(payments[[#This Row],[completed_at]],"yyyy-mm")) -> 2026-06
A77: 60 | B77: 212 | C77: 1 | D77: 46070.968 | E77: 46070.968 | F77: succeeded | G77: 4.99 | H77: 100 | I77: =_xlfn.XLOOKUP(B77,users!A:A,users!C:C) -> US | J77: =_xlfn.XLOOKUP(B77,users!A:A,users!D:D) -> desktop | K77: =_xlfn.XLOOKUP(C77,coin_packages!A:A,coin_packages!B:B) -> Small | L77: {=INDEX(coin_packages!$B$2:$B$5,MATCH(C77,coin_packages!$A$2:$A$5,0))} -> Small | M77: =IF(F77="succeeded",G77,0) -> 4.99 | N77: =AND(F77="succeeded",I77="US",OR(J77="tablet",J77="mobile")) -> FALSE | O77: =COUNTIF(refunds!$B$2:$B$15,A77)>0 -> FALSE | P77: =_xlfn.XLOOKUP(A77,refunds!$B$2:$B$15,refunds!$D$2:$D$15,0,0) -> 0 | Q77: =IF(OR(payments[[#This Row],[completed_at]]="",payments[[#This Row],[completed_at]]=0),"",TEXT(payments[[#This Row],[completed_at]],"yyyy-mm")) -> 2026-02
A78: 65 | B78: 214 | C78: 3 | D78: 46192.994 | E78: 46192.994 | F78: succeeded | G78: 19.99 | H78: 600 | I78: =_xlfn.XLOOKUP(B78,users!A:A,users!C:C) -> UA | J78: =_xlfn.XLOOKUP(B78,users!A:A,users!D:D) -> desktop | K78: =_xlfn.XLOOKUP(C78,coin_packages!A:A,coin_packages!B:B) -> Large | L78: {=INDEX(coin_packages!$B$2:$B$5,MATCH(C78,coin_packages!$A$2:$A$5,0))} -> Large | M78: =IF(F78="succeeded",G78,0) -> 19.99 | N78: =AND(F78="succeeded",I78="US",OR(J78="tablet",J78="mobile")) -> FALSE | O78: =COUNTIF(refunds!$B$2:$B$15,A78)>0 -> FALSE | P78: =_xlfn.XLOOKUP(A78,refunds!$B$2:$B$15,refunds!$D$2:$D$15,0,0) -> 0 | Q78: =IF(OR(payments[[#This Row],[completed_at]]="",payments[[#This Row],[completed_at]]=0),"",TEXT(payments[[#This Row],[completed_at]],"yyyy-mm")) -> 2026-06
A79: 64 | B79: 214 | C79: 3 | D79: 46191.341 | F79: failed | G79: 19.99 | H79: 0 | I79: =_xlfn.XLOOKUP(B79,users!A:A,users!C:C) -> UA | J79: =_xlfn.XLOOKUP(B79,users!A:A,users!D:D) -> desktop | K79: =_xlfn.XLOOKUP(C79,coin_packages!A:A,coin_packages!B:B) -> Large | L79: {=INDEX(coin_packages!$B$2:$B$5,MATCH(C79,coin_packages!$A$2:$A$5,0))} -> Large | M79: =IF(F79="succeeded",G79,0) -> 0 | N79: =AND(F79="succeeded",I79="US",OR(J79="tablet",J79="mobile")) -> FALSE | O79: =COUNTIF(refunds!$B$2:$B$15,A79)>0 -> FALSE | P79: =_xlfn.XLOOKUP(A79,refunds!$B$2:$B$15,refunds!$D$2:$D$15,0,0) -> 0 | Q79: =IF(OR(payments[[#This Row],[completed_at]]="",payments[[#This Row],[completed_at]]=0),"",TEXT(payments[[#This Row],[completed_at]],"yyyy-mm"))
A80: 63 | B80: 214 | C80: 2 | D80: 46183.144 | E80: 46183.144 | F80: succeeded | G80: 9.99 | H80: 250 | I80: =_xlfn.XLOOKUP(B80,users!A:A,users!C:C) -> UA | J80: =_xlfn.XLOOKUP(B80,users!A:A,users!D:D) -> desktop | K80: =_xlfn.XLOOKUP(C80,coin_packages!A:A,coin_packages!B:B) -> Medium | L80: {=INDEX(coin_packages!$B$2:$B$5,MATCH(C80,coin_packages!$A$2:$A$5,0))} -> Medium | M80: =IF(F80="succeeded",G80,0) -> 9.99 | N80: =AND(F80="succeeded",I80="US",OR(J80="tablet",J80="mobile")) -> FALSE | O80: =COUNTIF(refunds!$B$2:$B$15,A80)>0 -> TRUE | P80: =_xlfn.XLOOKUP(A80,refunds!$B$2:$B$15,refunds!$D$2:$D$15,0,0) -> 9.99 | Q80: =IF(OR(payments[[#This Row],[completed_at]]="",payments[[#This Row],[completed_at]]=0),"",TEXT(payments[[#This Row],[completed_at]],"yyyy-mm")) -> 2026-06
A81: 62 | B81: 214 | C81: 1 | D81: 46073.573 | E81: 46073.573 | F81: succeeded | G81: 3.99 | H81: 100 | I81: =_xlfn.XLOOKUP(B81,users!A:A,users!C:C) -> UA | J81: =_xlfn.XLOOKUP(B81,users!A:A,users!D:D) -> desktop | K81: =_xlfn.XLOOKUP(C81,coin_packages!A:A,coin_packages!B:B) -> Small | L81: {=INDEX(coin_packages!$B$2:$B$5,MATCH(C81,coin_packages!$A$2:$A$5,0))} -> Small | M81: =IF(F81="succeeded",G81,0) -> 3.99 | N81: =AND(F81="succeeded",I81="US",OR(J81="tablet",J81="mobile")) -> FALSE | O81: =COUNTIF(refunds!$B$2:$B$15,A81)>0 -> FALSE | P81: =_xlfn.XLOOKUP(A81,refunds!$B$2:$B$15,refunds!$D$2:$D$15,0,0) -> 0 | Q81: =IF(OR(payments[[#This Row],[completed_at]]="",payments[[#This Row],[completed_at]]=0),"",TEXT(payments[[#This Row],[completed_at]],"yyyy-mm")) -> 2026-02
A82: 66 | B82: 217 | C82: 3 | D82: 46152.507 | E82: 46152.507 | F82: succeeded | G82: 19.99 | H82: 600 | I82: =_xlfn.XLOOKUP(B82,users!A:A,users!C:C) -> GB | J82: =_xlfn.XLOOKUP(B82,users!A:A,users!D:D) -> tablet | K82: =_xlfn.XLOOKUP(C82,coin_packages!A:A,coin_packages!B:B) -> Large | L82: {=INDEX(coin_packages!$B$2:$B$5,MATCH(C82,coin_packages!$A$2:$A$5,0))} -> Large | M82: =IF(F82="succeeded",G82,0) -> 19.99 | N82: =AND(F82="succeeded",I82="US",OR(J82="tablet",J82="mobile")) -> FALSE | O82: =COUNTIF(refunds!$B$2:$B$15,A82)>0 -> FALSE | P82: =_xlfn.XLOOKUP(A82,refunds!$B$2:$B$15,refunds!$D$2:$D$15,0,0) -> 0 | Q82: =IF(OR(payments[[#This Row],[completed_at]]="",payments[[#This Row],[completed_at]]=0),"",TEXT(payments[[#This Row],[completed_at]],"yyyy-mm")) -> 2026-05
A83: 68 | B83: 229 | C83: 2 | D83: 46160.791 | E83: 46160.791 | F83: succeeded | G83: 9.99 | H83: 250 | I83: =_xlfn.XLOOKUP(B83,users!A:A,users!C:C) -> UA | J83: =_xlfn.XLOOKUP(B83,users!A:A,users!D:D) -> mobile | K83: =_xlfn.XLOOKUP(C83,coin_packages!A:A,coin_packages!B:B) -> Medium | L83: {=INDEX(coin_packages!$B$2:$B$5,MATCH(C83,coin_packages!$A$2:$A$5,0))} -> Medium | M83: =IF(F83="succeeded",G83,0) -> 9.99 | N83: =AND(F83="succeeded",I83="US",OR(J83="tablet",J83="mobile")) -> FALSE | O83: =COUNTIF(refunds!$B$2:$B$15,A83)>0 -> FALSE | P83: =_xlfn.XLOOKUP(A83,refunds!$B$2:$B$15,refunds!$D$2:$D$15,0,0) -> 0 | Q83: =IF(OR(payments[[#This Row],[completed_at]]="",payments[[#This Row],[completed_at]]=0),"",TEXT(payments[[#This Row],[completed_at]],"yyyy-mm")) -> 2026-05
A84: 67 | B84: 229 | C84: 1 | D84: 46143.103 | E84: 46143.103 | F84: succeeded | G84: 4.99 | H84: 100 | I84: =_xlfn.XLOOKUP(B84,users!A:A,users!C:C) -> UA | J84: =_xlfn.XLOOKUP(B84,users!A:A,users!D:D) -> mobile | K84: =_xlfn.XLOOKUP(C84,coin_packages!A:A,coin_packages!B:B) -> Small | L84: {=INDEX(coin_packages!$B$2:$B$5,MATCH(C84,coin_packages!$A$2:$A$5,0))} -> Small | M84: =IF(F84="succeeded",G84,0) -> 4.99 | N84: =AND(F84="succeeded",I84="US",OR(J84="tablet",J84="mobile")) -> FALSE | O84: =COUNTIF(refunds!$B$2:$B$15,A84)>0 -> FALSE | P84: =_xlfn.XLOOKUP(A84,refunds!$B$2:$B$15,refunds!$D$2:$D$15,0,0) -> 0 | Q84: =IF(OR(payments[[#This Row],[completed_at]]="",payments[[#This Row],[completed_at]]=0),"",TEXT(payments[[#This Row],[completed_at]],"yyyy-mm")) -> 2026-05
A85: 69 | B85: 230 | C85: 2 | D85: 46194.674 | E85: 46194.674 | F85: succeeded | G85: 9.99 | H85: 250 | I85: =_xlfn.XLOOKUP(B85,users!A:A,users!C:C) -> BR | J85: =_xlfn.XLOOKUP(B85,users!A:A,users!D:D) -> tablet | K85: =_xlfn.XLOOKUP(C85,coin_packages!A:A,coin_packages!B:B) -> Medium | L85: {=INDEX(coin_packages!$B$2:$B$5,MATCH(C85,coin_packages!$A$2:$A$5,0))} -> Medium | M85: =IF(F85="succeeded",G85,0) -> 9.99 | N85: =AND(F85="succeeded",I85="US",OR(J85="tablet",J85="mobile")) -> FALSE | O85: =COUNTIF(refunds!$B$2:$B$15,A85)>0 -> FALSE | P85: =_xlfn.XLOOKUP(A85,refunds!$B$2:$B$15,refunds!$D$2:$D$15,0,0) -> 0 | Q85: =IF(OR(payments[[#This Row],[completed_at]]="",payments[[#This Row],[completed_at]]=0),"",TEXT(payments[[#This Row],[completed_at]],"yyyy-mm")) -> 2026-06
A86: 71 | B86: 231 | C86: 3 | D86: 46190.522 | E86: 46190.523 | F86: succeeded | G86: 19.99 | H86: 600 | I86: =_xlfn.XLOOKUP(B86,users!A:A,users!C:C) -> DE | J86: =_xlfn.XLOOKUP(B86,users!A:A,users!D:D) -> mobile | K86: =_xlfn.XLOOKUP(C86,coin_packages!A:A,coin_packages!B:B) -> Large | L86: {=INDEX(coin_packages!$B$2:$B$5,MATCH(C86,coin_packages!$A$2:$A$5,0))} -> Large | M86: =IF(F86="succeeded",G86,0) -> 19.99 | N86: =AND(F86="succeeded",I86="US",OR(J86="tablet",J86="mobile")) -> FALSE | O86: =COUNTIF(refunds!$B$2:$B$15,A86)>0 -> FALSE | P86: =_xlfn.XLOOKUP(A86,refunds!$B$2:$B$15,refunds!$D$2:$D$15,0,0) -> 0 | Q86: =IF(OR(payments[[#This Row],[completed_at]]="",payments[[#This Row],[completed_at]]=0),"",TEXT(payments[[#This Row],[completed_at]],"yyyy-mm")) -> 2026-06
A87: 70 | B87: 231 | C87: 1 | D87: 46095.571 | E87: 46095.571 | F87: succeeded | G87: 4.99 | H87: 100 | I87: =_xlfn.XLOOKUP(B87,users!A:A,users!C:C) -> DE | J87: =_xlfn.XLOOKUP(B87,users!A:A,users!D:D) -> mobile | K87: =_xlfn.XLOOKUP(C87,coin_packages!A:A,coin_packages!B:B) -> Small | L87: {=INDEX(coin_packages!$B$2:$B$5,MATCH(C87,coin_packages!$A$2:$A$5,0))} -> Small | M87: =IF(F87="succeeded",G87,0) -> 4.99 | N87: =AND(F87="succeeded",I87="US",OR(J87="tablet",J87="mobile")) -> FALSE | O87: =COUNTIF(refunds!$B$2:$B$15,A87)>0 -> FALSE | P87: =_xlfn.XLOOKUP(A87,refunds!$B$2:$B$15,refunds!$D$2:$D$15,0,0) -> 0 | Q87: =IF(OR(payments[[#This Row],[completed_at]]="",payments[[#This Row],[completed_at]]=0),"",TEXT(payments[[#This Row],[completed_at]],"yyyy-mm")) -> 2026-03
A88: 73 | B88: 236 | C88: 1 | D88: 46198.379 | E88: 46198.379 | F88: succeeded | G88: 4.99 | H88: 100 | I88: =_xlfn.XLOOKUP(B88,users!A:A,users!C:C) -> BR | J88: =_xlfn.XLOOKUP(B88,users!A:A,users!D:D) -> desktop | K88: =_xlfn.XLOOKUP(C88,coin_packages!A:A,coin_packages!B:B) -> Small | L88: {=INDEX(coin_packages!$B$2:$B$5,MATCH(C88,coin_packages!$A$2:$A$5,0))} -> Small | M88: =IF(F88="succeeded",G88,0) -> 4.99 | N88: =AND(F88="succeeded",I88="US",OR(J88="tablet",J88="mobile")) -> FALSE | O88: =COUNTIF(refunds!$B$2:$B$15,A88)>0 -> FALSE | P88: =_xlfn.XLOOKUP(A88,refunds!$B$2:$B$15,refunds!$D$2:$D$15,0,0) -> 0 | Q88: =IF(OR(payments[[#This Row],[completed_at]]="",payments[[#This Row],[completed_at]]=0),"",TEXT(payments[[#This Row],[completed_at]],"yyyy-mm")) -> 2026-06
A89: 72 | B89: 236 | C89: 2 | D89: 46198.162 | F89: failed | G89: 9.99 | H89: 0 | I89: =_xlfn.XLOOKUP(B89,users!A:A,users!C:C) -> BR | J89: =_xlfn.XLOOKUP(B89,users!A:A,users!D:D) -> desktop | K89: =_xlfn.XLOOKUP(C89,coin_packages!A:A,coin_packages!B:B) -> Medium | L89: {=INDEX(coin_packages!$B$2:$B$5,MATCH(C89,coin_packages!$A$2:$A$5,0))} -> Medium | M89: =IF(F89="succeeded",G89,0) -> 0 | N89: =AND(F89="succeeded",I89="US",OR(J89="tablet",J89="mobile")) -> FALSE | O89: =COUNTIF(refunds!$B$2:$B$15,A89)>0 -> FALSE | P89: =_xlfn.XLOOKUP(A89,refunds!$B$2:$B$15,refunds!$D$2:$D$15,0,0) -> 0 | Q89: =IF(OR(payments[[#This Row],[completed_at]]="",payments[[#This Row],[completed_at]]=0),"",TEXT(payments[[#This Row],[completed_at]],"yyyy-mm"))
A90: 74 | B90: 239 | C90: 3 | D90: 46087.811 | E90: 46087.812 | F90: succeeded | G90: 19.99 | H90: 600 | I90: =_xlfn.XLOOKUP(B90,users!A:A,users!C:C) -> CA | J90: =_xlfn.XLOOKUP(B90,users!A:A,users!D:D) -> tablet | K90: =_xlfn.XLOOKUP(C90,coin_packages!A:A,coin_packages!B:B) -> Large | L90: {=INDEX(coin_packages!$B$2:$B$5,MATCH(C90,coin_packages!$A$2:$A$5,0))} -> Large | M90: =IF(F90="succeeded",G90,0) -> 19.99 | N90: =AND(F90="succeeded",I90="US",OR(J90="tablet",J90="mobile")) -> FALSE | O90: =COUNTIF(refunds!$B$2:$B$15,A90)>0 -> FALSE | P90: =_xlfn.XLOOKUP(A90,refunds!$B$2:$B$15,refunds!$D$2:$D$15,0,0) -> 0 | Q90: =IF(OR(payments[[#This Row],[completed_at]]="",payments[[#This Row],[completed_at]]=0),"",TEXT(payments[[#This Row],[completed_at]],"yyyy-mm")) -> 2026-03
A91: 78 | B91: 246 | C91: 2 | D91: 46151.486 | E91: 46151.486 | F91: succeeded | G91: 9.99 | H91: 250 | I91: =_xlfn.XLOOKUP(B91,users!A:A,users!C:C) -> US | J91: =_xlfn.XLOOKUP(B91,users!A:A,users!D:D) -> mobile | K91: =_xlfn.XLOOKUP(C91,coin_packages!A:A,coin_packages!B:B) -> Medium | L91: {=INDEX(coin_packages!$B$2:$B$5,MATCH(C91,coin_packages!$A$2:$A$5,0))} -> Medium | M91: =IF(F91="succeeded",G91,0) -> 9.99 | N91: =AND(F91="succeeded",I91="US",OR(J91="tablet",J91="mobile")) -> TRUE | O91: =COUNTIF(refunds!$B$2:$B$15,A91)>0 -> FALSE | P91: =_xlfn.XLOOKUP(A91,refunds!$B$2:$B$15,refunds!$D$2:$D$15,0,0) -> 0 | Q91: =IF(OR(payments[[#This Row],[completed_at]]="",payments[[#This Row],[completed_at]]=0),"",TEXT(payments[[#This Row],[completed_at]],"yyyy-mm")) -> 2026-05
A92: 77 | B92: 246 | C92: 1 | D92: 46151.434 | F92: failed | G92: 4.99 | H92: 0 | I92: =_xlfn.XLOOKUP(B92,users!A:A,users!C:C) -> US | J92: =_xlfn.XLOOKUP(B92,users!A:A,users!D:D) -> mobile | K92: =_xlfn.XLOOKUP(C92,coin_packages!A:A,coin_packages!B:B) -> Small | L92: {=INDEX(coin_packages!$B$2:$B$5,MATCH(C92,coin_packages!$A$2:$A$5,0))} -> Small | M92: =IF(F92="succeeded",G92,0) -> 0 | N92: =AND(F92="succeeded",I92="US",OR(J92="tablet",J92="mobile")) -> FALSE | O92: =COUNTIF(refunds!$B$2:$B$15,A92)>0 -> FALSE | P92: =_xlfn.XLOOKUP(A92,refunds!$B$2:$B$15,refunds!$D$2:$D$15,0,0) -> 0 | Q92: =IF(OR(payments[[#This Row],[completed_at]]="",payments[[#This Row],[completed_at]]=0),"",TEXT(payments[[#This Row],[completed_at]],"yyyy-mm"))
A93: 76 | B93: 246 | C93: 2 | D93: 46151.08 | F93: failed | G93: 9.99 | H93: 0 | I93: =_xlfn.XLOOKUP(B93,users!A:A,users!C:C) -> US | J93: =_xlfn.XLOOKUP(B93,users!A:A,users!D:D) -> mobile | K93: =_xlfn.XLOOKUP(C93,coin_packages!A:A,coin_packages!B:B) -> Medium | L93: {=INDEX(coin_packages!$B$2:$B$5,MATCH(C93,coin_packages!$A$2:$A$5,0))} -> Medium | M93: =IF(F93="succeeded",G93,0) -> 0 | N93: =AND(F93="succeeded",I93="US",OR(J93="tablet",J93="mobile")) -> FALSE | O93: =COUNTIF(refunds!$B$2:$B$15,A93)>0 -> FALSE | P93: =_xlfn.XLOOKUP(A93,refunds!$B$2:$B$15,refunds!$D$2:$D$15,0,0) -> 0 | Q93: =IF(OR(payments[[#This Row],[completed_at]]="",payments[[#This Row],[completed_at]]=0),"",TEXT(payments[[#This Row],[completed_at]],"yyyy-mm"))
A94: 75 | B94: 246 | C94: 3 | D94: 46142.882 | E94: 46142.882 | F94: succeeded | G94: 19.99 | H94: 600 | I94: =_xlfn.XLOOKUP(B94,users!A:A,users!C:C) -> US | J94: =_xlfn.XLOOKUP(B94,users!A:A,users!D:D) -> mobile | K94: =_xlfn.XLOOKUP(C94,coin_packages!A:A,coin_packages!B:B) -> Large | L94: {=INDEX(coin_packages!$B$2:$B$5,MATCH(C94,coin_packages!$A$2:$A$5,0))} -> Large | M94: =IF(F94="succeeded",G94,0) -> 19.99 | N94: =AND(F94="succeeded",I94="US",OR(J94="tablet",J94="mobile")) -> TRUE | O94: =COUNTIF(refunds!$B$2:$B$15,A94)>0 -> TRUE | P94: =_xlfn.XLOOKUP(A94,refunds!$B$2:$B$15,refunds!$D$2:$D$15,0,0) -> 19.99 | Q94: =IF(OR(payments[[#This Row],[completed_at]]="",payments[[#This Row],[completed_at]]=0),"",TEXT(payments[[#This Row],[completed_at]],"yyyy-mm")) -> 2026-04
A95: 79 | B95: 247 | C95: 3 | D95: 46169.085 | E95: 46169.085 | F95: succeeded | G95: 19.99 | H95: 600 | I95: =_xlfn.XLOOKUP(B95,users!A:A,users!C:C) -> US | J95: =_xlfn.XLOOKUP(B95,users!A:A,users!D:D) -> mobile | K95: =_xlfn.XLOOKUP(C95,coin_packages!A:A,coin_packages!B:B) -> Large | L95: {=INDEX(coin_packages!$B$2:$B$5,MATCH(C95,coin_packages!$A$2:$A$5,0))} -> Large | M95: =IF(F95="succeeded",G95,0) -> 19.99 | N95: =AND(F95="succeeded",I95="US",OR(J95="tablet",J95="mobile")) -> TRUE | O95: =COUNTIF(refunds!$B$2:$B$15,A95)>0 -> FALSE | P95: =_xlfn.XLOOKUP(A95,refunds!$B$2:$B$15,refunds!$D$2:$D$15,0,0) -> 0 | Q95: =IF(OR(payments[[#This Row],[completed_at]]="",payments[[#This Row],[completed_at]]=0),"",TEXT(payments[[#This Row],[completed_at]],"yyyy-mm")) -> 2026-05
A96: 80 | B96: 249 | C96: 2 | D96: 46112.446 | E96: 46112.446 | F96: succeeded | G96: 9.99 | H96: 250 | I96: =_xlfn.XLOOKUP(B96,users!A:A,users!C:C) -> US | J96: =_xlfn.XLOOKUP(B96,users!A:A,users!D:D) -> tablet | K96: =_xlfn.XLOOKUP(C96,coin_packages!A:A,coin_packages!B:B) -> Medium | L96: {=INDEX(coin_packages!$B$2:$B$5,MATCH(C96,coin_packages!$A$2:$A$5,0))} -> Medium | M96: =IF(F96="succeeded",G96,0) -> 9.99 | N96: =AND(F96="succeeded",I96="US",OR(J96="tablet",J96="mobile")) -> TRUE | O96: =COUNTIF(refunds!$B$2:$B$15,A96)>0 -> FALSE | P96: =_xlfn.XLOOKUP(A96,refunds!$B$2:$B$15,refunds!$D$2:$D$15,0,0) -> 0 | Q96: =IF(OR(payments[[#This Row],[completed_at]]="",payments[[#This Row],[completed_at]]=0),"",TEXT(payments[[#This Row],[completed_at]],"yyyy-mm")) -> 2026-03
A97: 82 | B97: 252 | C97: 3 | D97: 46045.405 | E97: 46045.405 | F97: succeeded | G97: 19.99 | H97: 600 | I97: =_xlfn.XLOOKUP(B97,users!A:A,users!C:C) -> BR | J97: =_xlfn.XLOOKUP(B97,users!A:A,users!D:D) -> tablet | K97: =_xlfn.XLOOKUP(C97,coin_packages!A:A,coin_packages!B:B) -> Large | L97: {=INDEX(coin_packages!$B$2:$B$5,MATCH(C97,coin_packages!$A$2:$A$5,0))} -> Large | M97: =IF(F97="succeeded",G97,0) -> 19.99 | N97: =AND(F97="succeeded",I97="US",OR(J97="tablet",J97="mobile")) -> FALSE | O97: =COUNTIF(refunds!$B$2:$B$15,A97)>0 -> FALSE | P97: =_xlfn.XLOOKUP(A97,refunds!$B$2:$B$15,refunds!$D$2:$D$15,0,0) -> 0 | Q97: =IF(OR(payments[[#This Row],[completed_at]]="",payments[[#This Row],[completed_at]]=0),"",TEXT(payments[[#This Row],[completed_at]],"yyyy-mm")) -> 2026-01
A98: 81 | B98: 252 | C98: 3 | D98: 46043.996 | E98: 46043.996 | F98: succeeded | G98: 19.99 | H98: 600 | I98: =_xlfn.XLOOKUP(B98,users!A:A,users!C:C) -> BR | J98: =_xlfn.XLOOKUP(B98,users!A:A,users!D:D) -> tablet | K98: =_xlfn.XLOOKUP(C98,coin_packages!A:A,coin_packages!B:B) -> Large | L98: {=INDEX(coin_packages!$B$2:$B$5,MATCH(C98,coin_packages!$A$2:$A$5,0))} -> Large | M98: =IF(F98="succeeded",G98,0) -> 19.99 | N98: =AND(F98="succeeded",I98="US",OR(J98="tablet",J98="mobile")) -> FALSE | O98: =COUNTIF(refunds!$B$2:$B$15,A98)>0 -> TRUE | P98: =_xlfn.XLOOKUP(A98,refunds!$B$2:$B$15,refunds!$D$2:$D$15,0,0) -> 19.99 | Q98: =IF(OR(payments[[#This Row],[completed_at]]="",payments[[#This Row],[completed_at]]=0),"",TEXT(payments[[#This Row],[completed_at]],"yyyy-mm")) -> 2026-01
A99: 83 | B99: 276 | C99: 3 | D99: 46193.456 | E99: 46193.456 | F99: succeeded | G99: 15.99 | H99: 600 | I99: =_xlfn.XLOOKUP(B99,users!A:A,users!C:C) -> GB | J99: =_xlfn.XLOOKUP(B99,users!A:A,users!D:D) -> tablet | K99: =_xlfn.XLOOKUP(C99,coin_packages!A:A,coin_packages!B:B) -> Large | L99: {=INDEX(coin_packages!$B$2:$B$5,MATCH(C99,coin_packages!$A$2:$A$5,0))} -> Large | M99: =IF(F99="succeeded",G99,0) -> 15.99 | N99: =AND(F99="succeeded",I99="US",OR(J99="tablet",J99="mobile")) -> FALSE | O99: =COUNTIF(refunds!$B$2:$B$15,A99)>0 -> FALSE | P99: =_xlfn.XLOOKUP(A99,refunds!$B$2:$B$15,refunds!$D$2:$D$15,0,0) -> 0 | Q99: =IF(OR(payments[[#This Row],[completed_at]]="",payments[[#This Row],[completed_at]]=0),"",TEXT(payments[[#This Row],[completed_at]],"yyyy-mm")) -> 2026-06
A100: 84 | B100: 278 | C100: 2 | D100: 46169.891 | E100: 46169.892 | F100: succeeded | G100: 9.99 | H100: 250 | I100: =_xlfn.XLOOKUP(B100,users!A:A,users!C:C) -> US | J100: =_xlfn.XLOOKUP(B100,users!A:A,users!D:D) -> tablet | K100: =_xlfn.XLOOKUP(C100,coin_packages!A:A,coin_packages!B:B) -> Medium | L100: {=INDEX(coin_packages!$B$2:$B$5,MATCH(C100,coin_packages!$A$2:$A$5,0))} -> Medium | M100: =IF(F100="succeeded",G100,0) -> 9.99 | N100: =AND(F100="succeeded",I100="US",OR(J100="tablet",J100="mobile")) -> TRUE | O100: =COUNTIF(refunds!$B$2:$B$15,A100)>0 -> FALSE | P100: =_xlfn.XLOOKUP(A100,refunds!$B$2:$B$15,refunds!$D$2:$D$15,0,0) -> 0 | Q100: =IF(OR(payments[[#This Row],[completed_at]]="",payments[[#This Row],[completed_at]]=0),"",TEXT(payments[[#This Row],[completed_at]],"yyyy-mm")) -> 2026-05
...

Sheet refunds
A1: refund_id | B1: payment_id | C1: refunded_at | D1: amount_usd | E1: coins_revoked | F1: reason | G1: user_id | H1: Month
A2: 1 | B2: 9 | C2: 46136.875 | D2: 9.99 | E2: 250 | F2: customer_request | G2: =_xlfn.XLOOKUP(B2,payments!$A$2:$A$203,payments!$B$2:$B$203) -> 49 | H2: =IF(OR(refunds[[#This Row],[refunded_at]]="",refunds[[#This Row],[refunded_at]]=0),"",TEXT(refunds[[#This Row],[refunded_at]],"yyyy-mm")) -> 2026-04
A3: 2 | B3: 63 | C3: 46183.144 | D3: 9.99 | E3: 250 | F3: accidental_purchase | G3: =_xlfn.XLOOKUP(B3,payments!$A$2:$A$203,payments!$B$2:$B$203) -> 214 | H3: =IF(OR(refunds[[#This Row],[refunded_at]]="",refunds[[#This Row],[refunded_at]]=0),"",TEXT(refunds[[#This Row],[refunded_at]],"yyyy-mm")) -> 2026-06
A4: 3 | B4: 75 | C4: 46142.882 | D4: 19.99 | E4: 600 | F4: customer_request | G4: =_xlfn.XLOOKUP(B4,payments!$A$2:$A$203,payments!$B$2:$B$203) -> 246 | H4: =IF(OR(refunds[[#This Row],[refunded_at]]="",refunds[[#This Row],[refunded_at]]=0),"",TEXT(refunds[[#This Row],[refunded_at]],"yyyy-mm")) -> 2026-04
A5: 4 | B5: 81 | C5: 46043.996 | D5: 19.99 | E5: 600 | F5: accidental_purchase | G5: =_xlfn.XLOOKUP(B5,payments!$A$2:$A$203,payments!$B$2:$B$203) -> 252 | H5: =IF(OR(refunds[[#This Row],[refunded_at]]="",refunds[[#This Row],[refunded_at]]=0),"",TEXT(refunds[[#This Row],[refunded_at]],"yyyy-mm")) -> 2026-01
A6: 5 | B6: 94 | C6: 46104.459 | D6: 19.99 | E6: 600 | F6: customer_request | G6: =_xlfn.XLOOKUP(B6,payments!$A$2:$A$203,payments!$B$2:$B$203) -> 299 | H6: =IF(OR(refunds[[#This Row],[refunded_at]]="",refunds[[#This Row],[refunded_at]]=0),"",TEXT(refunds[[#This Row],[refunded_at]],"yyyy-mm")) -> 2026-03
A7: 6 | B7: 95 | C7: 46108.757 | D7: 19.99 | E7: 600 | F7: accidental_purchase | G7: =_xlfn.XLOOKUP(B7,payments!$A$2:$A$203,payments!$B$2:$B$203) -> 299 | H7: =IF(OR(refunds[[#This Row],[refunded_at]]="",refunds[[#This Row],[refunded_at]]=0),"",TEXT(refunds[[#This Row],[refunded_at]],"yyyy-mm")) -> 2026-03
A8: 7 | B8: 101 | C8: 46140.336 | D8: 4.99 | E8: 100 | F8: customer_request | G8: =_xlfn.XLOOKUP(B8,payments!$A$2:$A$203,payments!$B$2:$B$203) -> 314 | H8: =IF(OR(refunds[[#This Row],[refunded_at]]="",refunds[[#This Row],[refunded_at]]=0),"",TEXT(refunds[[#This Row],[refunded_at]],"yyyy-mm")) -> 2026-04
A9: 8 | B9: 104 | C9: 46154.531 | D9: 19.99 | E9: 600 | F9: accidental_purchase | G9: =_xlfn.XLOOKUP(B9,payments!$A$2:$A$203,payments!$B$2:$B$203) -> 320 | H9: =IF(OR(refunds[[#This Row],[refunded_at]]="",refunds[[#This Row],[refunded_at]]=0),"",TEXT(refunds[[#This Row],[refunded_at]],"yyyy-mm")) -> 2026-05
A10: 9 | B10: 114 | C10: 46164.231 | D10: 19.99 | E10: 600 | F10: accidental_purchase | G10: =_xlfn.XLOOKUP(B10,payments!$A$2:$A$203,payments!$B$2:$B$203) -> 342 | H10: =IF(OR(refunds[[#This Row],[refunded_at]]="",refunds[[#This Row],[refunded_at]]=0),"",TEXT(refunds[[#This Row],[refunded_at]],"yyyy-mm")) -> 2026-05
A11: 10 | B11: 124 | C11: 46079.3 | D11: 9.99 | E11: 250 | F11: customer_request | G11: =_xlfn.XLOOKUP(B11,payments!$A$2:$A$203,payments!$B$2:$B$203) -> 369 | H11: =IF(OR(refunds[[#This Row],[refunded_at]]="",refunds[[#This Row],[refunded_at]]=0),"",TEXT(refunds[[#This Row],[refunded_at]],"yyyy-mm")) -> 2026-02
A12: 11 | B12: 126 | C12: 46154.778 | D12: 9.99 | E12: 250 | F12: customer_request | G12: =_xlfn.XLOOKUP(B12,payments!$A$2:$A$203,payments!$B$2:$B$203) -> 369 | H12: =IF(OR(refunds[[#This Row],[refunded_at]]="",refunds[[#This Row],[refunded_at]]=0),"",TEXT(refunds[[#This Row],[refunded_at]],"yyyy-mm")) -> 2026-05
A13: 12 | B13: 134 | C13: 46042.69 | D13: 19.99 | E13: 600 | F13: customer_request | G13: =_xlfn.XLOOKUP(B13,payments!$A$2:$A$203,payments!$B$2:$B$203) -> 384 | H13: =IF(OR(refunds[[#This Row],[refunded_at]]="",refunds[[#This Row],[refunded_at]]=0),"",TEXT(refunds[[#This Row],[refunded_at]],"yyyy-mm")) -> 2026-01
... A15: 14 | B15: 165 | C15: 46199.825 | D15: 19.99 | E15: 600 | F15: customer_request | G15: =_xlfn.XLOOKUP(B15,payments!$A$2:$A$203,payments!$B$2:$B$203) -> 450 | H15: =IF(OR(refunds[[#This Row],[refunded_at]]="",refunds[[#This Row],[refunded_at]]=0),"",TEXT(refunds[[#This Row],[refunded_at]],"yyyy-mm")) -> 2026-06

Sheet coin_packages
A1: package_id | B1: package_name | C1: coins | D1: list_price_usd
A2: 1 | B2: Small | C2: 100 | D2: 4.99
A3: 2 | B3: Medium | C3: 250 | D3: 9.99
A4: 3 | B4: Large | C4: 600 | D4: 19.99
A5: 4 | B5: Unused premium | C5: 1500 | D5: 44.99

Sheet campaigns
A1: campaign_id | B1: campaign_name | C1: channel | D1: started_at | E1: ended_at | F1: spend_usd
A2: 1 | B2: Campaign_01 | C2: Meta | D2: 46023 | E2: 46204 | F2: 1086
A3: 2 | B3: Campaign_02 | C3: TikTok | D3: 46023 | E3: 46204 | F3: 961
A4: 3 | B4: Campaign_03 | C4: Google | D4: 46023 | E4: 46204 | F4: 1373
A5: 4 | B5: Campaign_04 | C5: Influencer | D5: 46023 | E5: 46204 | F5: 1042
A6: 5 | B6: Campaign_05 | C6: Meta | D6: 46023 | E6: 46204 | F6: 377
A7: 6 | B7: Campaign_06 | C7: TikTok | D7: 46023 | E7: 46204 | F7: 1795
A8: 7 | B8: Campaign_07 | C8: Google | D8: 46023 | E8: 46204 | F8: 719
A9: 8 | B9: Campaign_08 | C9: Influencer | D9: 46023 | E9: 46204 | F9: 1545

Sheet Summary
A1: Кількість успішних платежів | B1: Загальна сума успішних платежів | C1: Середній успішний платіж | D1: Медіанний успішний платіж | E1: Курс USD/UAH
A2: =COUNTIF(payments!F:F,"succeeded") -> 163 | B2: =SUMIF(payments!F:F,"succeeded",payments!G:G) -> 1927.37 | C2: =B2/A2 -> 11.824356 | D2: {=MEDIAN(_xlfn._xlws.FILTER(payments!G2:G203,payments!F2:F203="succeeded"))} -> 9.99 | E2: 40
A3: =A2*$E$2 -> 6520 | B3: =B2*$E$2 -> 77094.8 | C3: =C2*$E$2 -> 472.97423 | D3: =D2*$E$2 -> 399.6
A4: =ROUND(A3,2) -> 6520 | B4: =ROUND(B3,2) -> 77094.8 | C4: =ROUND(C3,2) -> 472.97 | D4: =ROUND(D3,2) -> 399.6
